Timestamp,Algorithm,Hyperparameters,Mean Reward,Std Reward,Training Time
05/04/2024 19:15,A2C,"{'learning_rate': 6.998964851737534e-05, 'gamma': 0.9779572230426103, 'exploration_final_eps': None, 'n_steps': 198, 'ent_coef': None}",85.8,15.90471628,198.16682
05/04/2024 19:22,A2C,"{'learning_rate': 0.006406142437871686, 'gamma': 0.8036815786856756, 'exploration_final_eps': None, 'n_steps': 219, 'ent_coef': None}",-708.2,145.5038144,194.0868912
05/04/2024 19:29,A2C,"{'learning_rate': 0.0023433272199682546, 'gamma': 0.8737618673653731, 'exploration_final_eps': None, 'n_steps': 205, 'ent_coef': None}",-708.6,147.8683198,193.8586018
05/04/2024 20:39,A2C,"{'learning_rate': 0.0013311191616644717, 'gamma': 0.8844393693633652, 'exploration_final_eps': None, 'n_steps': 98, 'ent_coef': None}",-769.6,120.5837468,180.9333086
05/04/2024 20:51,A2C,"{'learning_rate': 0.0038359191180073974, 'gamma': 0.9105718361303934, 'exploration_final_eps': None, 'n_steps': 41, 'ent_coef': None}",-798,90.68406696,175.8751485
05/04/2024 21:04,A2C,"{'learning_rate': 0.003922335505681572, 'gamma': 0.9089123315324088, 'exploration_final_eps': None, 'n_steps': 251, 'ent_coef': None}",-829.1,1.813835715,175.6510227
05/04/2024 21:07,A2C,"{'learning_rate': 0.00014962242556481266, 'gamma': 0.9519411642211686, 'exploration_final_eps': None, 'n_steps': 222, 'ent_coef': None}",89.9,11.64001718,178.7307959
05/04/2024 21:20,A2C,"{'learning_rate': 0.002165284944099979, 'gamma': 0.8499564282548303, 'exploration_final_eps': None, 'n_steps': 54, 'ent_coef': None}",-768.1,120.8159344,185.6574748
05/04/2024 21:23,A2C,"{'learning_rate': 0.0001272160298466299, 'gamma': 0.9998074583815992, 'exploration_final_eps': None, 'n_steps': 55, 'ent_coef': None}",86.1,15.30653455,184.2125144
05/04/2024 21:26,A2C,"{'learning_rate': 1.6164013910044465e-05, 'gamma': 0.9506687306762592, 'exploration_final_eps': None, 'n_steps': 154, 'ent_coef': None}",89.5,11.50869237,175.3690772
05/04/2024 21:29,A2C,"{'learning_rate': 1.0459588671531611e-05, 'gamma': 0.8072310717430731, 'exploration_final_eps': None, 'n_steps': 30, 'ent_coef': None}",138.4,15.57690598,178.4668865
05/04/2024 21:43,A2C,"{'learning_rate': 0.0003577706135895937, 'gamma': 0.9859163141662926, 'exploration_final_eps': None, 'n_steps': 5, 'ent_coef': None}",-829.8,1.989974874,193.0012908
05/04/2024 21:55,A2C,"{'learning_rate': 1.5290000753024526e-05, 'gamma': 0.8367903240410419, 'exploration_final_eps': None, 'n_steps': 225, 'ent_coef': None}",-708.4,147.5135248,187.3957679
05/04/2024 22:34,A2C,"{'learning_rate': 0.00021216130967826902, 'gamma': 0.8687058385164466, 'exploration_final_eps': None, 'n_steps': 37, 'ent_coef': None}",86,15.00666519,191.7879252
05/04/2024 22:37,A2C,"{'learning_rate': 0.0012444180635325184, 'gamma': 0.8556368736425211, 'exploration_final_eps': None, 'n_steps': 237, 'ent_coef': None}",142.4,12.70590414,189.087611
05/04/2024 22:40,A2C,"{'learning_rate': 0.00010901545411841907, 'gamma': 0.9983494663253633, 'exploration_final_eps': None, 'n_steps': 39, 'ent_coef': None}",85.9,15.70636814,192.0001354
05/04/2024 22:44,A2C,"{'learning_rate': 6.410111467868514e-05, 'gamma': 0.9394554640182919, 'exploration_final_eps': None, 'n_steps': 22, 'ent_coef': None}",85.8,15.65758602,194.6773164
05/04/2024 22:47,A2C,"{'learning_rate': 1.2144596468607095e-05, 'gamma': 0.838255522983054, 'exploration_final_eps': None, 'n_steps': 97, 'ent_coef': None}",81.6,17.63632615,191.2345855
05/04/2024 23:04,DQN,"{'learning_rate': 6.231442135791532e-05, 'gamma': 0.9202258758908818, 'exploration_final_eps': 0.04024779715443031, 'n_steps': None, 'ent_coef': None}",141.3,14.65639792,156.1652114
05/04/2024 23:16,DQN,"{'learning_rate': 0.00106466937497988, 'gamma': 0.8109609320436529, 'exploration_final_eps': 0.09494684500233552, 'n_steps': None, 'ent_coef': None}",-799.3,89.79760576,155.3163772
05/04/2024 23:23,PPO,"{'learning_rate': 0.0020964255530503, 'gamma': 0.9315067409952553, 'exploration_final_eps': None, 'n_steps': 283, 'ent_coef': 0.00710676814880523}",89.8,11.27652429,204.5275817
05/04/2024 23:35,PPO,"{'learning_rate': 0.0009566347280255133, 'gamma': 0.8735740722924299, 'exploration_final_eps': None, 'n_steps': 341, 'ent_coef': 0.0521264697656166}",-1201.6,1.356465997,197.3926029
05/04/2024 23:53,A2C,"{'learning_rate': 0.000979775896977078, 'gamma': 0.9051760042104842, 'exploration_final_eps': None, 'n_steps': 170, 'ent_coef': None}",-769.9,119.7083539,192.3254788
06/04/2024 00:07,A2C,"{'learning_rate': 0.0027903739996360186, 'gamma': 0.9193419186249565, 'exploration_final_eps': None, 'n_steps': 27, 'ent_coef': None}",-800.1,89.71672085,188.6643059
06/04/2024 00:44,DQN,"{'learning_rate': 0.0001497764318820322, 'gamma': 0.8987022834832782, 'exploration_final_eps': 0.06561336303245417, 'n_steps': None, 'ent_coef': None}",143.8,16.55777763,134.9110734
06/04/2024 00:50,DQN,"{'learning_rate': 0.0005694940295332115, 'gamma': 0.9617342970152565, 'exploration_final_eps': 0.08652756589287317, 'n_steps': None, 'ent_coef': None}",-829.4,1.959591794,133.5444388
06/04/2024 19:05,DQN,"{'learning_rate': 0.0001423930761601568, 'gamma': 0.8238714509133135, 'exploration_final_eps': 0.06016812893481848, 'n_steps': None, 'ent_coef': None}",-254,166.2203357,99.40316486
06/04/2024 19:11,DQN,"{'learning_rate': 0.00047155152404934424, 'gamma': 0.8528951086248515, 'exploration_final_eps': 0.032764656484201744, 'n_steps': None, 'ent_coef': None}",-1202.8,1.469693846,100.7197902
06/04/2024 19:14,DQN,"{'learning_rate': 0.0004260664269568946, 'gamma': 0.9776047054431276, 'exploration_final_eps': 0.09898081559222706, 'n_steps': None, 'ent_coef': None}",-49.8,227.3459039,99.41808653
06/04/2024 19:20,DQN,"{'learning_rate': 0.0004395489487098308, 'gamma': 0.8152320944135293, 'exploration_final_eps': 0.060851137519047256, 'n_steps': None, 'ent_coef': None}",-829,1.095445115,98.80506134
06/04/2024 19:22,DQN,"{'learning_rate': 0.0004314544958491702, 'gamma': 0.8000463729340851, 'exploration_final_eps': 0.03698655183268014, 'n_steps': None, 'ent_coef': None}",77.8,19.43604898,99.24893737
06/04/2024 19:23,DQN,"{'learning_rate': 8.213180914300831e-05, 'gamma': 0.9293650331940579, 'exploration_final_eps': 0.023255035302684655, 'n_steps': None, 'ent_coef': None}",199.6,68.89586345,98.99725103
06/04/2024 19:29,DQN,"{'learning_rate': 0.0002836320341236474, 'gamma': 0.8212277901850947, 'exploration_final_eps': 0.06498831595617431, 'n_steps': None, 'ent_coef': None}",-1202.8,1.166190379,99.31878924
06/04/2024 19:35,DQN,"{'learning_rate': 0.00017841809502560046, 'gamma': 0.9404151571397242, 'exploration_final_eps': 0.028623336791161254, 'n_steps': None, 'ent_coef': None}",-1201.6,1.624807681,98.67642212
06/04/2024 19:37,DQN,"{'learning_rate': 0.00032901973111657505, 'gamma': 0.8094714767355209, 'exploration_final_eps': 0.05516836546343071, 'n_steps': None, 'ent_coef': None}",66,139.689656,98.78556681
06/04/2024 19:38,DQN,"{'learning_rate': 5.728523271575778e-05, 'gamma': 0.9937742477631435, 'exploration_final_eps': 0.07074028618218714, 'n_steps': None, 'ent_coef': None}",93.6,0.489897949,98.98623824
06/04/2024 19:41,DQN,"{'learning_rate': 0.006379652401989598, 'gamma': 0.8988756328289934, 'exploration_final_eps': 0.011926508325294705, 'n_steps': None, 'ent_coef': None}",-74.4,281.2476489,98.08834386
06/04/2024 19:47,DQN,"{'learning_rate': 1.756403382308093e-05, 'gamma': 0.9867750180887569, 'exploration_final_eps': 0.08572567700930811, 'n_steps': None, 'ent_coef': None}",-1202.2,1.166190379,98.77506304
06/04/2024 19:48,DQN,"{'learning_rate': 2.8212421408443473e-05, 'gamma': 0.9362803104751379, 'exploration_final_eps': 0.07717612433469978, 'n_steps': None, 'ent_coef': None}",148.2,0.4,99.00129175
06/04/2024 19:50,DQN,"{'learning_rate': 1.95183323647982e-05, 'gamma': 0.9171858581080042, 'exploration_final_eps': 0.07993945906962073, 'n_steps': None, 'ent_coef': None}",78.4,19.5202459,99.77296805
06/04/2024 19:56,DQN,"{'learning_rate': 5.2096238535722815e-05, 'gamma': 0.9475702421172626, 'exploration_final_eps': 0.04249469331259182, 'n_steps': None, 'ent_coef': None}",-1202.6,1.019803903,99.49019742
06/04/2024 20:00,DQN,"{'learning_rate': 5.400427416267716e-05, 'gamma': 0.8861746266273904, 'exploration_final_eps': 0.011414653415385334, 'n_steps': None, 'ent_coef': None}",-269.2,158.7128224,98.8493681
06/04/2024 20:05,DQN,"{'learning_rate': 0.0010756965442509394, 'gamma': 0.9487087866155224, 'exploration_final_eps': 0.047935085542479314, 'n_steps': None, 'ent_coef': None}",-708.4,146.4904092,98.7153275
06/04/2024 20:07,DQN,"{'learning_rate': 1.0749150522129254e-05, 'gamma': 0.9206572992715695, 'exploration_final_eps': 0.023529829788239236, 'n_steps': None, 'ent_coef': None}",142.4,12.70590414,99.18883681
06/04/2024 20:12,DQN,"{'learning_rate': 9.640764572479003e-05, 'gamma': 0.965662435501637, 'exploration_final_eps': 0.07699721214760546, 'n_steps': None, 'ent_coef': None}",-1201.2,1.166190379,98.91443563
06/04/2024 20:15,DQN,"{'learning_rate': 3.210811127352629e-05, 'gamma': 0.8781243586348365, 'exploration_final_eps': 0.09393492280068869, 'n_steps': None, 'ent_coef': None}",8.8,178.2272706,99.06015992
06/04/2024 20:16,DQN,"{'learning_rate': 0.0019236468542176716, 'gamma': 0.9233854814488591, 'exploration_final_eps': 0.019311557214584437, 'n_steps': None, 'ent_coef': None}",189.2,2.227105745,99.26769209
06/04/2024 20:22,DQN,"{'learning_rate': 0.003182137489357337, 'gamma': 0.9199298028622985, 'exploration_final_eps': 0.019841842106449587, 'n_steps': None, 'ent_coef': None}",-1202.8,1.469693846,99.31950521
06/04/2024 20:25,DQN,"{'learning_rate': 0.0010188370766926074, 'gamma': 0.9354378566163638, 'exploration_final_eps': 0.021074126698013562, 'n_steps': None, 'ent_coef': None}",-134.6,244.3044003,99.17237258
06/04/2024 20:31,DQN,"{'learning_rate': 0.0013891847235622638, 'gamma': 0.9006472428972395, 'exploration_final_eps': 0.048398382246367895, 'n_steps': None, 'ent_coef': None}",-828.8,1.326649916,98.75623941
06/04/2024 20:34,DQN,"{'learning_rate': 0.009791839276413906, 'gamma': 0.9675031696542994, 'exploration_final_eps': 0.04009917142229971, 'n_steps': None, 'ent_coef': None}",-239,323.7517568,99.16906905
06/04/2024 20:36,DQN,"{'learning_rate': 0.0030875361797386446, 'gamma': 0.8634812369748727, 'exploration_final_eps': 0.02761370808969539, 'n_steps': None, 'ent_coef': None}",171.8,1.166190379,98.20085406
06/04/2024 20:39,DQN,"{'learning_rate': 0.0025637822438968755, 'gamma': 0.8471062009025897, 'exploration_final_eps': 0.027943474634015454, 'n_steps': None, 'ent_coef': None}",-297,143.8262841,98.12157679
06/04/2024 20:45,DQN,"{'learning_rate': 0.002429846421304098, 'gamma': 0.8648009944765351, 'exploration_final_eps': 0.01746500429555268, 'n_steps': None, 'ent_coef': None}",-707,147.8133959,99.72040653
06/04/2024 20:49,DQN,"{'learning_rate': 0.005020153671100264, 'gamma': 0.9030282659226683, 'exploration_final_eps': 0.03128194048384558, 'n_steps': None, 'ent_coef': None}",-535.6,8.822698,99.74257565
06/04/2024 20:55,DQN,"{'learning_rate': 0.00156658318489089, 'gamma': 0.8482229561678182, 'exploration_final_eps': 0.01601281740804946, 'n_steps': None, 'ent_coef': None}",-1201.2,1.166190379,99.98449326
06/04/2024 20:56,DQN,"{'learning_rate': 0.00013838211144712257, 'gamma': 0.8363525616772841, 'exploration_final_eps': 0.024865821679818486, 'n_steps': None, 'ent_coef': None}",77.8,18.62686232,98.68268895
06/04/2024 20:58,DQN,"{'learning_rate': 0.0007909173030619178, 'gamma': 0.9308836547148025, 'exploration_final_eps': 0.03625027269246196, 'n_steps': None, 'ent_coef': None}",122.8,61.30383349,98.55999565
06/04/2024 21:04,DQN,"{'learning_rate': 3.0282684902244113e-05, 'gamma': 0.957939928714714, 'exploration_final_eps': 0.046619904284468834, 'n_steps': None, 'ent_coef': None}",-769,121.5269517,99.2891295
06/04/2024 21:05,DQN,"{'learning_rate': 7.95634035713136e-05, 'gamma': 0.8756583560035898, 'exploration_final_eps': 0.03298754690782248, 'n_steps': None, 'ent_coef': None}",135.8,15.76578574,98.44209337
06/04/2024 21:07,DQN,"{'learning_rate': 0.00466864102014486, 'gamma': 0.9112245481639563, 'exploration_final_eps': 0.09041601266999869, 'n_steps': None, 'ent_coef': None}",87.4,15.70477634,98.33073044
06/04/2024 21:10,DQN,"{'learning_rate': 0.0006606569800575085, 'gamma': 0.8904398684143089, 'exploration_final_eps': 0.05503498623114113, 'n_steps': None, 'ent_coef': None}",-75.2,140.6163575,98.76152372
06/04/2024 21:13,DQN,"{'learning_rate': 3.3881377749607435e-05, 'gamma': 0.9253115398288531, 'exploration_final_eps': 0.06814066552598184, 'n_steps': None, 'ent_coef': None}",-135.6,266.9289044,98.93790913
06/04/2024 21:15,DQN,"{'learning_rate': 0.00023124602487628316, 'gamma': 0.8618926140689284, 'exploration_final_eps': 0.010149110685888875, 'n_steps': None, 'ent_coef': None}",120.6,14.31921786,100.0775967
06/04/2024 21:20,DQN,"{'learning_rate': 0.00011026930357096291, 'gamma': 0.9472767392901162, 'exploration_final_eps': 0.06198707101146932, 'n_steps': None, 'ent_coef': None}",-1202.8,1.166190379,99.31210065
06/04/2024 21:23,DQN,"{'learning_rate': 1.1683290791551649e-05, 'gamma': 0.9110719286271621, 'exploration_final_eps': 0.025835749567302016, 'n_steps': None, 'ent_coef': None}",-52.6,292.9481865,99.37080383
06/04/2024 21:25,DQN,"{'learning_rate': 0.009215186016803267, 'gamma': 0.8313970331058727, 'exploration_final_eps': 0.014630056086107717, 'n_steps': None, 'ent_coef': None}",97.2,148.6141312,98.79356599
06/04/2024 21:30,DQN,"{'learning_rate': 1.0490112398242582e-05, 'gamma': 0.9289590248873014, 'exploration_final_eps': 0.020755550982186836, 'n_steps': None, 'ent_coef': None}",-1202.6,1.019803903,98.71939468
06/04/2024 21:32,DQN,"{'learning_rate': 1.9091333059327273e-05, 'gamma': 0.9401431425314776, 'exploration_final_eps': 0.023683292165387483, 'n_steps': None, 'ent_coef': None}",142,13.50555441,99.60691142
06/04/2024 21:38,DQN,"{'learning_rate': 1.3583002452057991e-05, 'gamma': 0.9090580186375594, 'exploration_final_eps': 0.03375316061508904, 'n_steps': None, 'ent_coef': None}",-1202.2,1.166190379,99.17359877
06/04/2024 21:41,DQN,"{'learning_rate': 2.4892699895675702e-05, 'gamma': 0.9230879407812076, 'exploration_final_eps': 0.04030587784820161, 'n_steps': None, 'ent_coef': None}",-384.8,287.6709231,99.56736135
06/04/2024 21:46,DQN,"{'learning_rate': 4.731439045013254e-05, 'gamma': 0.8928706598276374, 'exploration_final_eps': 0.07501450483266067, 'n_steps': None, 'ent_coef': None}",-578.6,350.0289131,94.89581585
06/04/2024 21:49,DQN,"{'learning_rate': 1.4229070828842939e-05, 'gamma': 0.9629671302485401, 'exploration_final_eps': 0.029784663265823758, 'n_steps': None, 'ent_coef': None}",-330.2,135.7533057,94.92657423
06/04/2024 21:55,DQN,"{'learning_rate': 6.952280290669342e-05, 'gamma': 0.9530862842393237, 'exploration_final_eps': 0.014756670148435288, 'n_steps': None, 'ent_coef': None}",-771.6,123.808885,98.2526226
06/04/2024 21:57,DQN,"{'learning_rate': 0.002030380105309673, 'gamma': 0.9405945148489497, 'exploration_final_eps': 0.0997539368086322, 'n_steps': None, 'ent_coef': None}",-3.6,131.1618847,99.18007779
06/04/2024 22:03,DQN,"{'learning_rate': 0.00019205856535324542, 'gamma': 0.9767673993112568, 'exploration_final_eps': 0.02359550410461049, 'n_steps': None, 'ent_coef': None}",-767.4,121.7137626,98.49832654
06/04/2024 22:41,PPO,"{'learning_rate': 0.0053102208854564105, 'gamma': 0.8547115495986632, 'exploration_final_eps': None, 'n_steps': 1735, 'ent_coef': 0.004323698330016641}",-769.6,119.3173919,1560.433966
06/04/2024 22:48,PPO,"{'learning_rate': 0.0011543308814821911, 'gamma': 0.9767828081880556, 'exploration_final_eps': None, 'n_steps': 208, 'ent_coef': 2.5825856579126485e-07}",86.2,15.6,404.3887951
06/04/2024 22:59,PPO,"{'learning_rate': 0.0001383479562428724, 'gamma': 0.9604456405988059, 'exploration_final_eps': None, 'n_steps': 566, 'ent_coef': 0.000514295423362397}",86,15.00666519,656.3654897
06/04/2024 23:06,PPO,"{'learning_rate': 1.9638017650568328e-05, 'gamma': 0.8508975016881684, 'exploration_final_eps': None, 'n_steps': 919, 'ent_coef': 0.001310088303304711}",179.4,0.489897949,411.6302252
06/04/2024 23:19,PPO,"{'learning_rate': 0.0002458723638733549, 'gamma': 0.9420734243434385, 'exploration_final_eps': None, 'n_steps': 508, 'ent_coef': 0.00416661290756714}",-768.6,121.3072133,565.9428346
07/04/2024 00:01,PPO,"{'learning_rate': 0.007045905189820844, 'gamma': 0.9245863197219565, 'exploration_final_eps': None, 'n_steps': 200, 'ent_coef': 2.958745960675291e-06}",-827,2.097617696,2266.785614
07/04/2024 00:16,PPO,"{'learning_rate': 0.0003888865356552602, 'gamma': 0.9161914773552388, 'exploration_final_eps': None, 'n_steps': 127, 'ent_coef': 1.0552148616529496e-07}",-768.8,119.4108873,646.6773186
07/04/2024 00:26,PPO,"{'learning_rate': 8.76067540306782e-05, 'gamma': 0.9314583051023153, 'exploration_final_eps': None, 'n_steps': 1370, 'ent_coef': 2.625650561953917e-08}",-309.8,241.4741394,445.9825263
07/04/2024 01:10,PPO,"{'learning_rate': 0.00010166575934057029, 'gamma': 0.8035814727175901, 'exploration_final_eps': None, 'n_steps': 1051, 'ent_coef': 0.00024732315925633455}",-647.6,148.9303193,2429.041012
07/04/2024 01:18,PPO,"{'learning_rate': 9.294206249597322e-05, 'gamma': 0.9026152819579778, 'exploration_final_eps': None, 'n_steps': 593, 'ent_coef': 0.0708680861004918}",180.8,23.93658288,476.2423704
07/04/2024 01:32,PPO,"{'learning_rate': 1.0589364097591688e-05, 'gamma': 0.8686449074699113, 'exploration_final_eps': None, 'n_steps': 79, 'ent_coef': 0.03137730008153153}",-769.8,121.91374,576.7890458
07/04/2024 01:39,PPO,"{'learning_rate': 1.477929022788991e-05, 'gamma': 0.874612784630545, 'exploration_final_eps': None, 'n_steps': 769, 'ent_coef': 0.09151268872454808}",194.4,18.72538384,449.4386358
07/04/2024 01:52,PPO,"{'learning_rate': 3.4412208979494756e-05, 'gamma': 0.8912527163069308, 'exploration_final_eps': None, 'n_steps': 353, 'ent_coef': 0.09377023723279307}",-770.6,122.3055191,483.1291492
07/04/2024 02:02,PPO,"{'learning_rate': 4.292366172356558e-05, 'gamma': 0.8870906221195769, 'exploration_final_eps': None, 'n_steps': 645, 'ent_coef': 3.260872567308426e-05}",-542.6,0.489897949,477.5366769
07/04/2024 02:14,PPO,"{'learning_rate': 0.0006493134405828491, 'gamma': 0.8019333607253021, 'exploration_final_eps': None, 'n_steps': 337, 'ent_coef': 0.019890880927960264}",-769.4,119.7073097,430.0867472
07/04/2024 02:22,PPO,"{'learning_rate': 1.0239738415982571e-05, 'gamma': 0.8398942116092325, 'exploration_final_eps': None, 'n_steps': 849, 'ent_coef': 4.755214287532632e-05}",114,28.29840985,501.9016392
07/04/2024 02:29,PPO,"{'learning_rate': 3.4749307272458144e-05, 'gamma': 0.9023415882995197, 'exploration_final_eps': None, 'n_steps': 1910, 'ent_coef': 0.07900741345455542}",102.6,0.489897949,410.9806199
07/04/2024 02:40,PPO,"{'learning_rate': 0.002607782336352219, 'gamma': 0.8286099102947662, 'exploration_final_eps': None, 'n_steps': 259, 'ent_coef': 0.008949070559140425}",78.6,18.45643519,639.7481463
07/04/2024 02:52,PPO,"{'learning_rate': 6.159911991804314e-05, 'gamma': 0.9980860847353062, 'exploration_final_eps': None, 'n_steps': 488, 'ent_coef': 3.6671369422813195e-06}",135,16.76901905,739.3272467
07/04/2024 03:00,PPO,"{'learning_rate': 0.00018812917570645903, 'gamma': 0.8730864821812813, 'exploration_final_eps': None, 'n_steps': 735, 'ent_coef': 0.00017920794594096314}",149.2,17.72455923,453.6082456
07/04/2024 03:08,PPO,"{'learning_rate': 1.8707359790810205e-05, 'gamma': 0.9108989345413103, 'exploration_final_eps': None, 'n_steps': 1129, 'ent_coef': 0.0018905371904590245}",130.8,27.36713357,472.3201959
07/04/2024 03:19,PPO,"{'learning_rate': 1.982276752280425e-05, 'gamma': 0.8484429377644728, 'exploration_final_eps': None, 'n_steps': 898, 'ent_coef': 0.001452820928247885}",-683,173.55345,422.5137992
07/04/2024 03:26,PPO,"{'learning_rate': 1.9729704190744538e-05, 'gamma': 0.8802308071872155, 'exploration_final_eps': None, 'n_steps': 1316, 'ent_coef': 0.01787651477100593}",27,150.9821181,427.1432502
07/04/2024 03:34,PPO,"{'learning_rate': 5.494855762826141e-05, 'gamma': 0.82787114109835, 'exploration_final_eps': None, 'n_steps': 421, 'ent_coef': 0.0909692920605251}",93.2,0.4,446.751704
07/04/2024 03:42,PPO,"{'learning_rate': 1.9873176347855502e-05, 'gamma': 0.8635263792138675, 'exploration_final_eps': None, 'n_steps': 832, 'ent_coef': 0.0010073471329956978}",-99.8,255.1967084,408.4397788
07/04/2024 03:49,PPO,"{'learning_rate': 2.7991368994374373e-05, 'gamma': 0.9025472042051497, 'exploration_final_eps': None, 'n_steps': 646, 'ent_coef': 0.01135564712003063}",251.4,106.1726895,456.2931395
07/04/2024 03:58,PPO,"{'learning_rate': 7.983068898254868e-05, 'gamma': 0.9454425410597833, 'exploration_final_eps': None, 'n_steps': 610, 'ent_coef': 0.008266192372144692}",19.8,283.4003529,505.9200134
07/04/2024 04:10,PPO,"{'learning_rate': 3.1636544918970556e-05, 'gamma': 0.8995367033617622, 'exploration_final_eps': None, 'n_steps': 307, 'ent_coef': 0.03370720428698355}",-486.8,115.4147304,514.7081554
07/04/2024 04:18,PPO,"{'learning_rate': 0.00014633587246675302, 'gamma': 0.9007243397083269, 'exploration_final_eps': None, 'n_steps': 434, 'ent_coef': 0.010087565551915503}",93.6,0.489897949,506.4393358
07/04/2024 04:26,PPO,"{'learning_rate': 0.0005655220852796433, 'gamma': 0.8840222447530273, 'exploration_final_eps': None, 'n_steps': 1280, 'ent_coef': 0.004843776294612949}",94,0,454.8443167
07/04/2024 04:43,PPO,"{'learning_rate': 1.3024566801944354e-05, 'gamma': 0.9196374846506582, 'exploration_final_eps': None, 'n_steps': 677, 'ent_coef': 0.04181809927891828}",-829.4,2.416609195,750.0493736
07/04/2024 04:54,PPO,"{'learning_rate': 2.630078509149622e-05, 'gamma': 0.8548458093219685, 'exploration_final_eps': None, 'n_steps': 961, 'ent_coef': 0.0032574976551853437}",-770.6,120.3072733,424.2825532
07/04/2024 05:01,PPO,"{'learning_rate': 5.045911313704202e-05, 'gamma': 0.8616917297521451, 'exploration_final_eps': None, 'n_steps': 1651, 'ent_coef': 0.015799470191836154}",155.2,2.13541565,437.1999846
07/04/2024 05:12,PPO,"{'learning_rate': 1.4438638451386612e-05, 'gamma': 0.8403328420858238, 'exploration_final_eps': None, 'n_steps': 750, 'ent_coef': 0.00028971378924635293}",-663.8,152.8965663,433.4155784
07/04/2024 05:22,PPO,"{'learning_rate': 2.4974280332394517e-05, 'gamma': 0.8744998153938124, 'exploration_final_eps': None, 'n_steps': 562, 'ent_coef': 0.0005950283558051103}",-708.8,147.2228243,408.9717164
07/04/2024 05:34,PPO,"{'learning_rate': 0.00010075994784060206, 'gamma': 0.9578104795107982, 'exploration_final_eps': None, 'n_steps': 1582, 'ent_coef': 8.064853093288735e-06}",-828.4,2.497999199,453.5183792
07/04/2024 05:43,PPO,"{'learning_rate': 0.00029153970317927604, 'gamma': 0.9329883567527657, 'exploration_final_eps': None, 'n_steps': 444, 'ent_coef': 0.003455991076780507}",86.2,15.6,548.6148293
07/04/2024 05:53,PPO,"{'learning_rate': 6.430532992462431e-05, 'gamma': 0.8939211618242748, 'exploration_final_eps': None, 'n_steps': 541, 'ent_coef': 0.04415967827995892}",-121,284.1436257,527.5852771
07/04/2024 06:06,PPO,"{'learning_rate': 0.002701984232535004, 'gamma': 0.9101244036580641, 'exploration_final_eps': None, 'n_steps': 198, 'ent_coef': 0.0059390505472854075}",-829.2,3.18747549,518.7328048
07/04/2024 06:15,PPO,"{'learning_rate': 1.4393345651437732e-05, 'gamma': 0.8211780310304059, 'exploration_final_eps': None, 'n_steps': 1097, 'ent_coef': 0.00011056658724971583}",211.2,1.166190379,504.5728979
07/04/2024 06:25,PPO,"{'learning_rate': 1.3701009548747843e-05, 'gamma': 0.8136184145986171, 'exploration_final_eps': None, 'n_steps': 1105, 'ent_coef': 6.153002469299699e-07}",-224.2,93.32395191,486.6713626
07/04/2024 06:36,PPO,"{'learning_rate': 1.579904510018273e-05, 'gamma': 0.82954893238444, 'exploration_final_eps': None, 'n_steps': 796, 'ent_coef': 0.0006970052516939851}",-446,67.84393856,468.3406498
07/04/2024 06:45,PPO,"{'learning_rate': 4.278872828233577e-05, 'gamma': 0.818775949542651, 'exploration_final_eps': None, 'n_steps': 1007, 'ent_coef': 0.0001229571074183645}",-89.2,416.2145601,463.8201921
07/04/2024 06:56,PPO,"{'learning_rate': 2.714325148971331e-05, 'gamma': 0.8480076765387319, 'exploration_final_eps': None, 'n_steps': 676, 'ent_coef': 7.509811853893677e-05}",-778.2,125.1133886,423.2822928
07/04/2024 07:07,PPO,"{'learning_rate': 1.1408739710347117e-05, 'gamma': 0.8539561469164826, 'exploration_final_eps': None, 'n_steps': 1406, 'ent_coef': 0.02573219771493228}",-393.2,193.4460131,496.4463181
07/04/2024 07:16,PPO,"{'learning_rate': 3.327575441346751e-05, 'gamma': 0.8151392207864901, 'exploration_final_eps': None, 'n_steps': 1186, 'ent_coef': 1.1293186012470663e-05}",-128,450.6590729,439.4225054
07/04/2024 07:25,PPO,"{'learning_rate': 0.00013691302717330547, 'gamma': 0.9301433877354822, 'exploration_final_eps': None, 'n_steps': 939, 'ent_coef': 0.0026345706084163647}",-228,245.7730661,404.9515114
07/04/2024 07:35,PPO,"{'learning_rate': 4.173472157852311e-05, 'gamma': 0.8385533494719926, 'exploration_final_eps': None, 'n_steps': 64, 'ent_coef': 0.00036879447746690063}",70.8,18.5407659,632.2187946
07/04/2024 07:49,PPO,"{'learning_rate': 0.009727768481373718, 'gamma': 0.8790563780650158, 'exploration_final_eps': None, 'n_steps': 2042, 'ent_coef': 0.09671005390451022}",-768.8,121.4288269,572.6792974
07/04/2024 07:56,PPO,"{'learning_rate': 1.0049016265515837e-05, 'gamma': 0.8650954852708294, 'exploration_final_eps': None, 'n_steps': 497, 'ent_coef': 0.04336278885244821}",436.2,0.4,425.4495685
06/04/2024 22:58,A2C,"{'learning_rate': 0.003173828198020685, 'gamma': 0.9680446771642865, 'exploration_final_eps': None, 'n_steps': 77, 'ent_coef': None}",-767.8,120.9204697,289.3444662
06/04/2024 23:03,A2C,"{'learning_rate': 0.0001343883627513194, 'gamma': 0.89397726296388, 'exploration_final_eps': None, 'n_steps': 45, 'ent_coef': None}",93.4,0.489897949,315.9726903
06/04/2024 23:13,A2C,"{'learning_rate': 0.0008687046506633874, 'gamma': 0.8501106960072543, 'exploration_final_eps': None, 'n_steps': 29, 'ent_coef': None}",-649.2,146.4013661,350.0587022
06/04/2024 23:18,A2C,"{'learning_rate': 0.00014155926023311382, 'gamma': 0.9072398237014511, 'exploration_final_eps': None, 'n_steps': 170, 'ent_coef': None}",93.8,0.4,270.9881706
06/04/2024 23:23,A2C,"{'learning_rate': 9.168559265691942e-05, 'gamma': 0.9904665932473226, 'exploration_final_eps': None, 'n_steps': 91, 'ent_coef': None}",86,15.00666519,283.1895483
06/04/2024 23:28,A2C,"{'learning_rate': 0.00040917641683551475, 'gamma': 0.9393648455490268, 'exploration_final_eps': None, 'n_steps': 73, 'ent_coef': None}",93.6,0.489897949,295.4234085
06/04/2024 23:37,A2C,"{'learning_rate': 3.328423996308768e-05, 'gamma': 0.9040818075682536, 'exploration_final_eps': None, 'n_steps': 10, 'ent_coef': None}",142.4,12.70590414,573.2525253
06/04/2024 23:42,A2C,"{'learning_rate': 0.0005012764200484417, 'gamma': 0.8967218208064639, 'exploration_final_eps': None, 'n_steps': 106, 'ent_coef': None}",77.8,19.43604898,280.1945493
06/04/2024 23:47,A2C,"{'learning_rate': 0.00047627102460387927, 'gamma': 0.8047022634774744, 'exploration_final_eps': None, 'n_steps': 91, 'ent_coef': None}",142.4,12.70590414,280.6753614
06/04/2024 23:52,A2C,"{'learning_rate': 0.00030138402911792164, 'gamma': 0.8967753306300382, 'exploration_final_eps': None, 'n_steps': 205, 'ent_coef': None}",86.2,15.6,266.0887985
07/04/2024 00:06,A2C,"{'learning_rate': 1.1466496264655932e-05, 'gamma': 0.842503726686021, 'exploration_final_eps': None, 'n_steps': 9, 'ent_coef': None}",-768.6,119.3056579,596.3194442
07/04/2024 00:11,A2C,"{'learning_rate': 1.3606628865778448e-05, 'gamma': 0.8365607017010936, 'exploration_final_eps': None, 'n_steps': 151, 'ent_coef': None}",135.2,16.5456943,269.6982205
07/04/2024 00:15,A2C,"{'learning_rate': 3.8590809932641796e-05, 'gamma': 0.8060481526038886, 'exploration_final_eps': None, 'n_steps': 256, 'ent_coef': None}",93.4,0.489897949,261.4607382
07/04/2024 00:20,A2C,"{'learning_rate': 0.0023507605578004264, 'gamma': 0.9331283241696717, 'exploration_final_eps': None, 'n_steps': 118, 'ent_coef': None}",129.6,15.43502511,286.9570775
07/04/2024 00:26,A2C,"{'learning_rate': 3.9146693251860934e-05, 'gamma': 0.8666826306451357, 'exploration_final_eps': None, 'n_steps': 55, 'ent_coef': None}",86.2,15.10496607,302.8154647
07/04/2024 00:38,A2C,"{'learning_rate': 0.0015329446039175, 'gamma': 0.8150975822413201, 'exploration_final_eps': None, 'n_steps': 6, 'ent_coef': None}",93.6,0.489897949,764.2251363
07/04/2024 00:43,A2C,"{'learning_rate': 0.009010195551141055, 'gamma': 0.8724945513628899, 'exploration_final_eps': None, 'n_steps': 145, 'ent_coef': None}",85.4,15.2,287.6715155
07/04/2024 00:48,A2C,"{'learning_rate': 5.9299794415769505e-05, 'gamma': 0.92922148060119, 'exploration_final_eps': None, 'n_steps': 196, 'ent_coef': None}",78.4,18.70401027,265.1606996
07/04/2024 00:57,A2C,"{'learning_rate': 0.00022569326597408882, 'gamma': 0.9496817114917598, 'exploration_final_eps': None, 'n_steps': 46, 'ent_coef': None}",-649.4,147.0572678,314.9624276
07/04/2024 01:02,A2C,"{'learning_rate': 2.2581198212695416e-05, 'gamma': 0.8674383439261728, 'exploration_final_eps': None, 'n_steps': 103, 'ent_coef': None}",142.4,13.2,278.9899802
07/04/2024 01:13,A2C,"{'learning_rate': 0.0008940831035499597, 'gamma': 0.9197195400510857, 'exploration_final_eps': None, 'n_steps': 25, 'ent_coef': None}",-768.4,121.2247499,368.4475911
07/04/2024 01:18,A2C,"{'learning_rate': 2.2420029200823555e-05, 'gamma': 0.8716841599776166, 'exploration_final_eps': None, 'n_steps': 95, 'ent_coef': None}",334,55.68123562,281.3607435
07/04/2024 01:28,A2C,"{'learning_rate': 2.047045435028869e-05, 'gamma': 0.8239297060205888, 'exploration_final_eps': None, 'n_steps': 130, 'ent_coef': None}",-768.2,118.614333,273.1648483
07/04/2024 01:32,A2C,"{'learning_rate': 6.109941304978365e-05, 'gamma': 0.8800312170069449, 'exploration_final_eps': None, 'n_steps': 73, 'ent_coef': None}",78.2,19.35355265,288.7249076
07/04/2024 01:42,A2C,"{'learning_rate': 2.6251097724849548e-05, 'gamma': 0.801179503944745, 'exploration_final_eps': None, 'n_steps': 85, 'ent_coef': None}",-768.6,120.310598,287.9734907
07/04/2024 01:52,A2C,"{'learning_rate': 0.0001734945544735478, 'gamma': 0.8543590533234136, 'exploration_final_eps': None, 'n_steps': 60, 'ent_coef': None}",-829.2,1.720465053,298.6400621
07/04/2024 01:57,A2C,"{'learning_rate': 8.829063625532006e-05, 'gamma': 0.8274165540524333, 'exploration_final_eps': None, 'n_steps': 178, 'ent_coef': None}",78.4,18.29316812,269.6718626
07/04/2024 02:05,A2C,"{'learning_rate': 0.0008312334209624896, 'gamma': 0.9131398893576914, 'exploration_final_eps': None, 'n_steps': 122, 'ent_coef': None}",-587.8,120.6140954,276.3757861
07/04/2024 02:17,A2C,"{'learning_rate': 1.0200834870257332e-05, 'gamma': 0.8817962140940859, 'exploration_final_eps': None, 'n_steps': 28, 'ent_coef': None}",-1201.4,1.019803903,355.2382786
07/04/2024 02:21,A2C,"{'learning_rate': 0.005482290971383385, 'gamma': 0.9566706931201535, 'exploration_final_eps': None, 'n_steps': 148, 'ent_coef': None}",148.6,0.489897949,273.4874179
07/04/2024 02:31,A2C,"{'learning_rate': 0.005401885160126163, 'gamma': 0.9761522200646353, 'exploration_final_eps': None, 'n_steps': 230, 'ent_coef': None}",-767.8,120.4083054,263.838603
07/04/2024 02:35,A2C,"{'learning_rate': 0.0039888519669978705, 'gamma': 0.9524019945757632, 'exploration_final_eps': None, 'n_steps': 150, 'ent_coef': None}",86.2,15.10496607,273.0241187
07/04/2024 02:40,A2C,"{'learning_rate': 0.0018412983550820984, 'gamma': 0.9471289503722916, 'exploration_final_eps': None, 'n_steps': 107, 'ent_coef': None}",78.4,19.10601999,280.9176221
07/04/2024 02:49,A2C,"{'learning_rate': 0.008220574758007419, 'gamma': 0.9679896095523995, 'exploration_final_eps': None, 'n_steps': 142, 'ent_coef': None}",-709.6,147.8723774,280.0181041
07/04/2024 02:59,A2C,"{'learning_rate': 3.525529724356359e-05, 'gamma': 0.85419897666371, 'exploration_final_eps': None, 'n_steps': 93, 'ent_coef': None}",-829,1.673320053,282.7554953
07/04/2024 03:09,A2C,"{'learning_rate': 9.107073061023183e-05, 'gamma': 0.9898066962365206, 'exploration_final_eps': None, 'n_steps': 159, 'ent_coef': None}",-768.4,118.7157951,269.6867495
07/04/2024 03:18,A2C,"{'learning_rate': 1.6911536380647385e-05, 'gamma': 0.9628892647237861, 'exploration_final_eps': None, 'n_steps': 182, 'ent_coef': None}",-767.6,120.8066223,265.8412695
07/04/2024 03:23,A2C,"{'learning_rate': 0.0006644216128889865, 'gamma': 0.9986014346769259, 'exploration_final_eps': None, 'n_steps': 69, 'ent_coef': None}",142,12.50599856,291.3260062
07/04/2024 03:33,A2C,"{'learning_rate': 0.001461436949328994, 'gamma': 0.9199181681751957, 'exploration_final_eps': None, 'n_steps': 43, 'ent_coef': None}",-828.6,1.019803903,316.2934449
07/04/2024 03:43,A2C,"{'learning_rate': 0.00033912910908018697, 'gamma': 0.8881229608023009, 'exploration_final_eps': None, 'n_steps': 136, 'ent_coef': None}",-1201,0.632455532,273.5195947
07/04/2024 03:52,A2C,"{'learning_rate': 0.00013912980510684257, 'gamma': 0.9077534398829705, 'exploration_final_eps': None, 'n_steps': 119, 'ent_coef': None}",-711.2,147.9532359,275.4636545
07/04/2024 03:57,A2C,"{'learning_rate': 2.2045459539475364e-05, 'gamma': 0.8688516955728852, 'exploration_final_eps': None, 'n_steps': 99, 'ent_coef': None}",86,15.50483795,278.8951921
07/04/2024 04:06,A2C,"{'learning_rate': 2.9405037041694673e-05, 'gamma': 0.8442725461598982, 'exploration_final_eps': None, 'n_steps': 83, 'ent_coef': None}",-710,146.5619323,287.5486386
07/04/2024 04:16,A2C,"{'learning_rate': 5.579862147165732e-05, 'gamma': 0.8605777925786957, 'exploration_final_eps': None, 'n_steps': 108, 'ent_coef': None}",-829,2.097617696,276.9324694
07/04/2024 04:21,A2C,"{'learning_rate': 1.4884952374647547e-05, 'gamma': 0.8368950245487318, 'exploration_final_eps': None, 'n_steps': 167, 'ent_coef': None}",154.4,3.382306905,269.7931757
07/04/2024 04:30,A2C,"{'learning_rate': 1.4990876964753886e-05, 'gamma': 0.8284254506119233, 'exploration_final_eps': None, 'n_steps': 163, 'ent_coef': None}",-768.8,121.4090606,268.3755484
07/04/2024 04:35,A2C,"{'learning_rate': 4.4320198395282186e-05, 'gamma': 0.8203049616983298, 'exploration_final_eps': None, 'n_steps': 206, 'ent_coef': None}",70.2,18.62686232,268.8686647
07/04/2024 04:39,A2C,"{'learning_rate': 1.3690186709794035e-05, 'gamma': 0.8127403438505684, 'exploration_final_eps': None, 'n_steps': 187, 'ent_coef': None}",93,0,264.4316835
07/04/2024 04:44,A2C,"{'learning_rate': 0.002886670774871227, 'gamma': 0.8347142709217257, 'exploration_final_eps': None, 'n_steps': 171, 'ent_coef': None}",141.2,14.60684771,271.3767219
07/04/2024 04:49,A2C,"{'learning_rate': 0.00043577120778088505, 'gamma': 0.8988391630548445, 'exploration_final_eps': None, 'n_steps': 128, 'ent_coef': None}",85.8,15.40649214,276.038852
07/04/2024 10:35,DQN,"{'learning_rate': 8.213180914300831e-05, 'gamma': 0.9293650331940579, 'exploration_final_eps': 0.023255035302684655, 'n_steps': None, 'ent_coef': None}",166.4,20.39215535,100.0979469
07/04/2024 10:37,DQN,"{'learning_rate': 0.00066414850071037, 'gamma': 0.9366382370842885, 'exploration_final_eps': 0.03254243317274293, 'n_steps': None, 'ent_coef': None}",157.6,19.10601999,100.2872341
07/04/2024 10:39,DQN,"{'learning_rate': 0.00015416935199570372, 'gamma': 0.9095147146753613, 'exploration_final_eps': 0.06890304517607986, 'n_steps': None, 'ent_coef': None}",93.6,0.489897949,100.3371503
07/04/2024 10:45,DQN,"{'learning_rate': 0.0003881716228693032, 'gamma': 0.8357777714039523, 'exploration_final_eps': 0.059763640173316764, 'n_steps': None, 'ent_coef': None}",-1201.8,1.469693846,100.295655
07/04/2024 10:47,DQN,"{'learning_rate': 5.826923609461905e-05, 'gamma': 0.9428555729497782, 'exploration_final_eps': 0.0908179089639364, 'n_steps': None, 'ent_coef': None}",78,2.449489743,100.2074273
07/04/2024 10:51,DQN,"{'learning_rate': 0.00016407972101182595, 'gamma': 0.9984820953640724, 'exploration_final_eps': 0.05726296042196283, 'n_steps': None, 'ent_coef': None}",-518.8,1.720465053,100.4933448
07/04/2024 10:58,DQN,"{'learning_rate': 0.00011778223271377325, 'gamma': 0.8932011258425689, 'exploration_final_eps': 0.07853923967580768, 'n_steps': None, 'ent_coef': None}",-813.8,7.756287772,100.3342738
07/04/2024 11:00,DQN,"{'learning_rate': 0.0005857505557572136, 'gamma': 0.9881804132406696, 'exploration_final_eps': 0.04909336570024865, 'n_steps': None, 'ent_coef': None}",93.6,0.489897949,100.5985794
07/04/2024 11:01,DQN,"{'learning_rate': 0.006126731014612272, 'gamma': 0.9035641290212059, 'exploration_final_eps': 0.0773691093788687, 'n_steps': None, 'ent_coef': None}",141.4,17.2580416,100.5208817
07/04/2024 11:04,DQN,"{'learning_rate': 0.00018612231342773962, 'gamma': 0.9793083453205254, 'exploration_final_eps': 0.09994307973694189, 'n_steps': None, 'ent_coef': None}",122.8,202.9171259,100.3626542
07/04/2024 11:05,DQN,"{'learning_rate': 1.362279310590703e-05, 'gamma': 0.8000087864285117, 'exploration_final_eps': 0.011827430500478239, 'n_steps': None, 'ent_coef': None}",171.8,1.720465053,100.4337914
07/04/2024 11:07,DQN,"{'learning_rate': 1.186196250348932e-05, 'gamma': 0.8025729232653307, 'exploration_final_eps': 0.012015980916256944, 'n_steps': None, 'ent_coef': None}",54,144.4451453,100.6318429
07/04/2024 11:11,DQN,"{'learning_rate': 1.2549197637246083e-05, 'gamma': 0.8581935122513042, 'exploration_final_eps': 0.015975481866867487, 'n_steps': None, 'ent_coef': None}",-248.2,136.7456032,100.0245147
07/04/2024 11:14,DQN,"{'learning_rate': 3.4590901422058266e-05, 'gamma': 0.8651605361195349, 'exploration_final_eps': 0.029629950230675037, 'n_steps': None, 'ent_coef': None}",-142.2,120.2304454,100.3775604
07/04/2024 11:21,DQN,"{'learning_rate': 3.4267179239985805e-05, 'gamma': 0.8042728169813566, 'exploration_final_eps': 0.02813000819139318, 'n_steps': None, 'ent_coef': None}",-828.8,1.720465053,100.2222984
07/04/2024 11:26,DQN,"{'learning_rate': 0.0019634336879686214, 'gamma': 0.9461082277013532, 'exploration_final_eps': 0.041195576594617735, 'n_steps': None, 'ent_coef': None}",-569.6,148.7542941,100.7418923
07/04/2024 11:31,DQN,"{'learning_rate': 2.5549228090412957e-05, 'gamma': 0.8321305541999178, 'exploration_final_eps': 0.020311969450581113, 'n_steps': None, 'ent_coef': None}",-312.4,419.8026203,100.6167228
07/04/2024 11:37,DQN,"{'learning_rate': 6.635869190590103e-05, 'gamma': 0.8771040040511181, 'exploration_final_eps': 0.04190675693769303, 'n_steps': None, 'ent_coef': None}",-828.8,1.720465053,100.3896506
07/04/2024 11:43,DQN,"{'learning_rate': 1.5912284893162124e-05, 'gamma': 0.9656785066430342, 'exploration_final_eps': 0.010342756506307829, 'n_steps': None, 'ent_coef': None}",-1200,2.449489743,100.565156
07/04/2024 11:46,DQN,"{'learning_rate': 6.48706207567246e-05, 'gamma': 0.9238673768621872, 'exploration_final_eps': 0.021913246485780143, 'n_steps': None, 'ent_coef': None}",-130.8,164.3501141,100.5681293
07/04/2024 11:53,DQN,"{'learning_rate': 0.0023968823991191517, 'gamma': 0.9639796201551735, 'exploration_final_eps': 0.03768556329253393, 'n_steps': None, 'ent_coef': None}",-1199.8,1.469693846,100.4562497
07/04/2024 11:59,DQN,"{'learning_rate': 0.0006538181732418109, 'gamma': 0.9412192398676106, 'exploration_final_eps': 0.029734024174406952, 'n_steps': None, 'ent_coef': None}",-1201.8,1.469693846,100.270926
07/04/2024 12:05,DQN,"{'learning_rate': 0.0019861394015127636, 'gamma': 0.9307900650981564, 'exploration_final_eps': 0.024836783646356348, 'n_steps': None, 'ent_coef': None}",-828.8,1.720465053,100.8190548
07/04/2024 12:12,DQN,"{'learning_rate': 0.0009566889044101156, 'gamma': 0.9134146316845704, 'exploration_final_eps': 0.03543766679760732, 'n_steps': None, 'ent_coef': None}",-828.8,1.720465053,100.5926433
07/04/2024 12:15,DQN,"{'learning_rate': 0.0003523379393592922, 'gamma': 0.8875134676649047, 'exploration_final_eps': 0.05122098285985895, 'n_steps': None, 'ent_coef': None}",-229,2.828427125,100.6580813
07/04/2024 12:22,DQN,"{'learning_rate': 0.009439604110343836, 'gamma': 0.9585438171479006, 'exploration_final_eps': 0.019455775731687705, 'n_steps': None, 'ent_coef': None}",-828.8,1.720465053,100.879709
07/04/2024 12:28,DQN,"{'learning_rate': 0.0010587851107310754, 'gamma': 0.9212356520306881, 'exploration_final_eps': 0.0326254702970028, 'n_steps': None, 'ent_coef': None}",-1201.8,1.469693846,100.3503351
07/04/2024 12:34,DQN,"{'learning_rate': 0.00024792860582791855, 'gamma': 0.8254531121277164, 'exploration_final_eps': 0.014848816816761437, 'n_steps': None, 'ent_coef': None}",-828.8,1.720465053,100.1257603
07/04/2024 12:36,DQN,"{'learning_rate': 9.362065846868693e-05, 'gamma': 0.8481242680198839, 'exploration_final_eps': 0.04611560451102033, 'n_steps': None, 'ent_coef': None}",93.2,1.166190379,100.9563375
07/04/2024 12:39,DQN,"{'learning_rate': 2.2041391844482193e-05, 'gamma': 0.9099865954893746, 'exploration_final_eps': 0.06630697619877753, 'n_steps': None, 'ent_coef': None}",-278.4,0.8,100.6615806
07/04/2024 12:41,DQN,"{'learning_rate': 8.967434679698457e-05, 'gamma': 0.872850619662972, 'exploration_final_eps': 0.0229726826287135, 'n_steps': None, 'ent_coef': None}",90,1.264911064,103.2545803
07/04/2024 12:48,DQN,"{'learning_rate': 0.006133350174238344, 'gamma': 0.9015559655483163, 'exploration_final_eps': 0.07933709265447234, 'n_steps': None, 'ent_coef': None}",-828.8,1.720465053,100.5303462
07/04/2024 12:50,DQN,"{'learning_rate': 0.003948685523651893, 'gamma': 0.93186486175191, 'exploration_final_eps': 0.07435203320317745, 'n_steps': None, 'ent_coef': None}",80.2,126.4601123,100.9187043
07/04/2024 12:57,DQN,"{'learning_rate': 0.0034519000302050016, 'gamma': 0.8999810518306633, 'exploration_final_eps': 0.06349308881148666, 'n_steps': None, 'ent_coef': None}",-828.8,1.720465053,100.601824
07/04/2024 12:58,DQN,"{'learning_rate': 4.413770734701485e-05, 'gamma': 0.882300688638298, 'exploration_final_eps': 0.08865908686273488, 'n_steps': None, 'ent_coef': None}",93.6,0.489897949,100.2916927
07/04/2024 13:05,DQN,"{'learning_rate': 0.0002434812044331202, 'gamma': 0.9514997735844422, 'exploration_final_eps': 0.01748979004094078, 'n_steps': None, 'ent_coef': None}",-828.8,1.720465053,100.2289157
07/04/2024 13:09,DQN,"{'learning_rate': 0.0005457529440221619, 'gamma': 0.9349742773515488, 'exploration_final_eps': 0.056577438732048166, 'n_steps': None, 'ent_coef': None}",-348,142.9111612,100.5014737
07/04/2024 13:11,DQN,"{'learning_rate': 0.0010078758468084815, 'gamma': 0.9136219100623836, 'exploration_final_eps': 0.0716095907040657, 'n_steps': None, 'ent_coef': None}",93.6,0.489897949,100.3073509
07/04/2024 13:12,DQN,"{'learning_rate': 0.00013071774582523163, 'gamma': 0.9767697935147436, 'exploration_final_eps': 0.08843526956530583, 'n_steps': None, 'ent_coef': None}",93.6,0.489897949,100.7684336
07/04/2024 13:18,DQN,"{'learning_rate': 0.009693833556829349, 'gamma': 0.8953206425405703, 'exploration_final_eps': 0.02538872360103115, 'n_steps': None, 'ent_coef': None}",-1201.8,1.469693846,100.3777425
07/04/2024 13:21,DQN,"{'learning_rate': 1.9729843536950783e-05, 'gamma': 0.8132156146401613, 'exploration_final_eps': 0.09526606425693193, 'n_steps': None, 'ent_coef': None}",285.8,166.4708984,100.2504139
07/04/2024 13:22,DQN,"{'learning_rate': 1.0271735451148848e-05, 'gamma': 0.8150475625363892, 'exploration_final_eps': 0.09889482864085145, 'n_steps': None, 'ent_coef': None}",93.6,0.489897949,100.6384075
07/04/2024 13:28,DQN,"{'learning_rate': 1.8455506107064974e-05, 'gamma': 0.8440246018669055, 'exploration_final_eps': 0.08340010832278152, 'n_steps': None, 'ent_coef': None}",-709.8,146.8310594,100.4729979
07/04/2024 13:30,DQN,"{'learning_rate': 4.497058842320214e-05, 'gamma': 0.815982455142597, 'exploration_final_eps': 0.09374926091476238, 'n_steps': None, 'ent_coef': None}",148.8,0.4,100.5622241
07/04/2024 13:33,DQN,"{'learning_rate': 4.533050615228325e-05, 'gamma': 0.8156462236680355, 'exploration_final_eps': 0.09262420294126654, 'n_steps': None, 'ent_coef': None}",114.2,192.8205383,100.9996338
07/04/2024 13:39,DQN,"{'learning_rate': 2.9847730785768166e-05, 'gamma': 0.8112747728974203, 'exploration_final_eps': 0.013902237352182144, 'n_steps': None, 'ent_coef': None}",-878.8,34.79310276,100.0999076
07/04/2024 13:45,DQN,"{'learning_rate': 2.0957483209342486e-05, 'gamma': 0.8017077759083912, 'exploration_final_eps': 0.09389418492204676, 'n_steps': None, 'ent_coef': None}",-1201.8,1.469693846,100.5580335
07/04/2024 13:50,DQN,"{'learning_rate': 1.4531550370156583e-05, 'gamma': 0.829531589514325, 'exploration_final_eps': 0.09567652769466636, 'n_steps': None, 'ent_coef': None}",-424.6,503.2965726,100.5498528
07/04/2024 13:52,DQN,"{'learning_rate': 4.73318927258141e-05, 'gamma': 0.8409811511714486, 'exploration_final_eps': 0.08443030008477691, 'n_steps': None, 'ent_coef': None}",103.6,13.76372043,100.6541419
07/04/2024 13:53,DQN,"{'learning_rate': 8.339248166337077e-05, 'gamma': 0.8232005829267497, 'exploration_final_eps': 0.010869879807943593, 'n_steps': None, 'ent_coef': None}",140.2,28.42111891,100.6706915
07/04/2024 13:58,DQN,"{'learning_rate': 3.369614280447779e-05, 'gamma': 0.8100173855172234, 'exploration_final_eps': 0.05986715375779713, 'n_steps': None, 'ent_coef': None}",-410.4,141.6186428,100.5392392
07/04/2024 14:02,DQN,"{'learning_rate': 2.532122091373428e-05, 'gamma': 0.9220837458014445, 'exploration_final_eps': 0.07842072141716672, 'n_steps': None, 'ent_coef': None}",-189.2,111.1978417,101.3272171
07/04/2024 14:05,DQN,"{'learning_rate': 1.3262078593325854e-05, 'gamma': 0.8572929016859593, 'exploration_final_eps': 0.09876226603048718, 'n_steps': None, 'ent_coef': None}",-84.4,357.3270771,101.1714618
07/04/2024 14:07,DQN,"{'learning_rate': 0.00016827592308242523, 'gamma': 0.8212362607916074, 'exploration_final_eps': 0.08375655493392689, 'n_steps': None, 'ent_coef': None}",93.6,0.489897949,100.292984
07/04/2024 14:13,DQN,"{'learning_rate': 5.695930693664577e-05, 'gamma': 0.8356975183489407, 'exploration_final_eps': 0.08963531247881992, 'n_steps': None, 'ent_coef': None}",-828.8,1.720465053,100.0457084
07/04/2024 14:20,DQN,"{'learning_rate': 1.7512914169401092e-05, 'gamma': 0.9449232334631319, 'exploration_final_eps': 0.017941395956354324, 'n_steps': None, 'ent_coef': None}",-1201.8,1.469693846,100.5477633
07/04/2024 14:21,DQN,"{'learning_rate': 2.6872602456064344e-05, 'gamma': 0.8000470607673387, 'exploration_final_eps': 0.027346420185755067, 'n_steps': None, 'ent_coef': None}",127.4,12.40322539,100.5798855
07/04/2024 14:28,DQN,"{'learning_rate': 0.0014110054291912452, 'gamma': 0.9062091350827223, 'exploration_final_eps': 0.03631035742531023, 'n_steps': None, 'ent_coef': None}",-1080.8,1.469693846,100.7787082
07/04/2024 14:30,DQN,"{'learning_rate': 1.0202991794118429e-05, 'gamma': 0.9537987371789632, 'exploration_final_eps': 0.04185356146074221, 'n_steps': None, 'ent_coef': None}",67.6,4.586937976,100.6039972
07/04/2024 14:36,DQN,"{'learning_rate': 3.692448894520058e-05, 'gamma': 0.9378668582872732, 'exploration_final_eps': 0.03353486721682984, 'n_steps': None, 'ent_coef': None}",-828.8,1.720465053,100.6466191
07/04/2024 14:39,DQN,"{'learning_rate': 0.00046927686543018197, 'gamma': 0.8902510384830989, 'exploration_final_eps': 0.05110810129475363, 'n_steps': None, 'ent_coef': None}",-274.8,2.638181192,100.4268377
07/04/2024 14:42,DQN,"{'learning_rate': 9.19883709574679e-05, 'gamma': 0.8077691059537707, 'exploration_final_eps': 0.010108801691878095, 'n_steps': None, 'ent_coef': None}",-203.2,148.6020188,100.454179
07/04/2024 14:49,DQN,"{'learning_rate': 7.813772820120455e-05, 'gamma': 0.8195032257813252, 'exploration_final_eps': 0.013376094650548516, 'n_steps': None, 'ent_coef': None}",-828.8,1.720465053,100.3248255
07/04/2024 14:55,DQN,"{'learning_rate': 0.0002074288190746695, 'gamma': 0.9273272312875229, 'exploration_final_eps': 0.022171952495922458, 'n_steps': None, 'ent_coef': None}",-1193.8,1.469693846,100.3921106
07/04/2024 14:58,DQN,"{'learning_rate': 0.0001130229690578986, 'gamma': 0.8230590782055978, 'exploration_final_eps': 0.015310556624023981, 'n_steps': None, 'ent_coef': None}",-166.6,287.338546,100.1474569
07/04/2024 15:00,DQN,"{'learning_rate': 6.468477048041504e-05, 'gamma': 0.829981441967148, 'exploration_final_eps': 0.02022348062168024, 'n_steps': None, 'ent_coef': None}",148.8,0.4,100.9170265
07/04/2024 15:06,DQN,"{'learning_rate': 0.0002940934388941151, 'gamma': 0.8067359219733126, 'exploration_final_eps': 0.030119528032117683, 'n_steps': None, 'ent_coef': None}",-1201.8,1.469693846,100.7978303
07/04/2024 15:12,DQN,"{'learning_rate': 5.421895816576096e-05, 'gamma': 0.8517916813206491, 'exploration_final_eps': 0.02117014771929712, 'n_steps': None, 'ent_coef': None}",-829.2,2.13541565,99.99818182
07/04/2024 15:19,DQN,"{'learning_rate': 0.0001407147840808966, 'gamma': 0.8324415669788837, 'exploration_final_eps': 0.046302690763173546, 'n_steps': None, 'ent_coef': None}",-828.8,1.720465053,100.3734629
07/04/2024 15:25,DQN,"{'learning_rate': 0.0063039074879350145, 'gamma': 0.8689684030449517, 'exploration_final_eps': 0.01889463042848125, 'n_steps': None, 'ent_coef': None}",-978.2,38.21203999,100.4925108
07/04/2024 15:27,DQN,"{'learning_rate': 6.737900968520086e-05, 'gamma': 0.8151826310487026, 'exploration_final_eps': 0.025124324625291423, 'n_steps': None, 'ent_coef': None}",109.6,16.28004914,100.9173062
07/04/2024 15:29,DQN,"{'learning_rate': 3.806355023655136e-05, 'gamma': 0.825470902030304, 'exploration_final_eps': 0.011363151281227621, 'n_steps': None, 'ent_coef': None}",93.6,0.489897949,101.104722
07/04/2024 15:35,DQN,"{'learning_rate': 0.0007831214867054491, 'gamma': 0.916127922258312, 'exploration_final_eps': 0.016606841461330936, 'n_steps': None, 'ent_coef': None}",-828.8,1.720465053,100.7602985
07/04/2024 15:37,DQN,"{'learning_rate': 7.171245717382268e-05, 'gamma': 0.8295165362537169, 'exploration_final_eps': 0.09562906316215987, 'n_steps': None, 'ent_coef': None}",148.8,0.4,100.8608387
07/04/2024 15:39,DQN,"{'learning_rate': 0.00011319573227938348, 'gamma': 0.8369284346497806, 'exploration_final_eps': 0.09533040680041328, 'n_steps': None, 'ent_coef': None}",148.8,0.4,100.5267758
07/04/2024 15:43,DQN,"{'learning_rate': 0.00011149238898851547, 'gamma': 0.8410236273234069, 'exploration_final_eps': 0.09277892163123086, 'n_steps': None, 'ent_coef': None}",-369.4,222.2337508,100.4054391
07/04/2024 15:49,DQN,"{'learning_rate': 6.894586852426151e-05, 'gamma': 0.8380998106653926, 'exploration_final_eps': 0.09506417874599958, 'n_steps': None, 'ent_coef': None}",-828.8,1.720465053,100.4735982
07/04/2024 15:55,DQN,"{'learning_rate': 0.0004092333873385215, 'gamma': 0.8281079175883647, 'exploration_final_eps': 0.09812174418000798, 'n_steps': None, 'ent_coef': None}",-648.8,151.6593551,100.6086094
07/04/2024 15:57,DQN,"{'learning_rate': 2.135209496661546e-05, 'gamma': 0.8491746309580461, 'exploration_final_eps': 0.08744967871676279, 'n_steps': None, 'ent_coef': None}",121.2,18.99894734,100.6443906
07/04/2024 16:02,DQN,"{'learning_rate': 4.78447691030131e-05, 'gamma': 0.8171650891822322, 'exploration_final_eps': 0.09653481218286199, 'n_steps': None, 'ent_coef': None}",-634.4,178.9084682,100.5656633
07/04/2024 16:04,DQN,"{'learning_rate': 0.00018648081630105162, 'gamma': 0.8317480780217783, 'exploration_final_eps': 0.09219226861774626, 'n_steps': None, 'ent_coef': None}",166,16.72124397,100.691756
07/04/2024 16:10,DQN,"{'learning_rate': 0.00018355560677448226, 'gamma': 0.8116814926744805, 'exploration_final_eps': 0.08701758943080067, 'n_steps': None, 'ent_coef': None}",-1201.8,1.469693846,101.1418662
07/04/2024 16:12,DQN,"{'learning_rate': 0.00010497768084357548, 'gamma': 0.8051514391854501, 'exploration_final_eps': 0.09065914610689133, 'n_steps': None, 'ent_coef': None}",164.6,0.489897949,101.1067312
07/04/2024 16:14,DQN,"{'learning_rate': 0.00014267186408066163, 'gamma': 0.8048244323988518, 'exploration_final_eps': 0.09996844154650106, 'n_steps': None, 'ent_coef': None}",281,99.94598541,101.0270276
07/04/2024 16:16,DQN,"{'learning_rate': 0.00022367981838045144, 'gamma': 0.8051161547957925, 'exploration_final_eps': 0.09982660286160955, 'n_steps': None, 'ent_coef': None}",196.4,249.7939951,101.0374937
07/04/2024 16:18,DQN,"{'learning_rate': 0.00030412464958926456, 'gamma': 0.8039674886222854, 'exploration_final_eps': 0.0913565966045382, 'n_steps': None, 'ent_coef': None}",148.8,0.4,100.9820991
07/04/2024 16:25,DQN,"{'learning_rate': 0.0002291644265021651, 'gamma': 0.8066317996824718, 'exploration_final_eps': 0.09164405281317023, 'n_steps': None, 'ent_coef': None}",-834.2,2.039607805,100.7939253
07/04/2024 16:26,DQN,"{'learning_rate': 0.00013180507718778132, 'gamma': 0.8004166602828551, 'exploration_final_eps': 0.09950044450260444, 'n_steps': None, 'ent_coef': None}",93.6,0.489897949,100.480983
07/04/2024 16:28,DQN,"{'learning_rate': 0.00015507309583578214, 'gamma': 0.8115298050170006, 'exploration_final_eps': 0.09988226582083831, 'n_steps': None, 'ent_coef': None}",5,0,100.4207399
07/04/2024 16:35,DQN,"{'learning_rate': 0.00036482725605856635, 'gamma': 0.816687084730021, 'exploration_final_eps': 0.08559754449741101, 'n_steps': None, 'ent_coef': None}",-828.8,1.720465053,100.4592953
07/04/2024 16:41,DQN,"{'learning_rate': 0.0002606473015280431, 'gamma': 0.8035098981701807, 'exploration_final_eps': 0.08159180730968381, 'n_steps': None, 'ent_coef': None}",-828.8,1.720465053,100.3684063
07/04/2024 16:43,DQN,"{'learning_rate': 9.738448895082413e-05, 'gamma': 0.8102718588333738, 'exploration_final_eps': 0.09737321055451405, 'n_steps': None, 'ent_coef': None}",153.8,1.166190379,100.3406682
07/04/2024 16:45,DQN,"{'learning_rate': 0.00018054269926246055, 'gamma': 0.8108396904627571, 'exploration_final_eps': 0.08999888775121465, 'n_steps': None, 'ent_coef': None}",148.8,0.4,100.4562645
07/04/2024 16:47,DQN,"{'learning_rate': 0.00021518898528067224, 'gamma': 0.820687350633209, 'exploration_final_eps': 0.0971428584680274, 'n_steps': None, 'ent_coef': None}",41.2,151.2949437,100.1333399
07/04/2024 16:50,DQN,"{'learning_rate': 9.817633781859901e-05, 'gamma': 0.8061840912423677, 'exploration_final_eps': 0.0937583352437496, 'n_steps': None, 'ent_coef': None}",-246.6,362.7128892,100.5146372
07/04/2024 16:54,DQN,"{'learning_rate': 0.00010163510142442477, 'gamma': 0.8129821689599548, 'exploration_final_eps': 0.07534875812370612, 'n_steps': None, 'ent_coef': None}",-205.4,316.9893374,100.3625154
07/04/2024 17:01,DQN,"{'learning_rate': 0.00014700132128491383, 'gamma': 0.8190709442554867, 'exploration_final_eps': 0.09739602407761502, 'n_steps': None, 'ent_coef': None}",-828.8,1.720465053,100.1687474
07/04/2024 17:07,DQN,"{'learning_rate': 0.0007204011611569492, 'gamma': 0.9924867745283026, 'exploration_final_eps': 0.09366354355113539, 'n_steps': None, 'ent_coef': None}",-1201.8,1.469693846,100.6620901
07/04/2024 17:09,DQN,"{'learning_rate': 1.4807701115764918e-05, 'gamma': 0.8003242644625351, 'exploration_final_eps': 0.09041169487207111, 'n_steps': None, 'ent_coef': None}",93.6,0.489897949,100.5080359
07/04/2024 17:15,DQN,"{'learning_rate': 1.1951406543293631e-05, 'gamma': 0.807616091720981, 'exploration_final_eps': 0.08125554703635846, 'n_steps': None, 'ent_coef': None}",-828.8,1.720465053,100.1244857
07/04/2024 10:43,A2C,"{'learning_rate': 2.2420029200823555e-05, 'gamma': 0.8716841599776166, 'exploration_final_eps': None, 'n_steps': 95, 'ent_coef': None}",-767.4,120.2041597,279.2118645
07/04/2024 10:52,A2C,"{'learning_rate': 0.0019819469978228127, 'gamma': 0.970048880215856, 'exploration_final_eps': None, 'n_steps': 104, 'ent_coef': None}",-826.4,0.8,274.4603224
07/04/2024 11:08,A2C,"{'learning_rate': 2.2420029200823555e-05, 'gamma': 0.8716841599776166, 'exploration_final_eps': None, 'n_steps': 95, 'ent_coef': None}",-829.4,1.854723699,277.5379903
07/04/2024 11:13,A2C,"{'learning_rate': 0.0026614387800165534, 'gamma': 0.9836136512235892, 'exploration_final_eps': None, 'n_steps': 203, 'ent_coef': None}",142.2,13.10572394,265.939028
07/04/2024 11:18,A2C,"{'learning_rate': 3.729951723722744e-05, 'gamma': 0.9994761644985175, 'exploration_final_eps': None, 'n_steps': 28, 'ent_coef': None}",93.4,0.489897949,333.2443149
07/04/2024 11:23,A2C,"{'learning_rate': 0.002390303793499693, 'gamma': 0.8522819913585321, 'exploration_final_eps': None, 'n_steps': 143, 'ent_coef': None}",142.2,13.10572394,270.9057345
07/04/2024 11:33,A2C,"{'learning_rate': 0.0012975135791249556, 'gamma': 0.8280155151117586, 'exploration_final_eps': None, 'n_steps': 116, 'ent_coef': None}",-827.6,2.154065923,274.6196961
07/04/2024 11:42,A2C,"{'learning_rate': 0.0015814194429239234, 'gamma': 0.9574960836376466, 'exploration_final_eps': None, 'n_steps': 8, 'ent_coef': None}",77.6,18.8637218,576.2059224
07/04/2024 11:47,A2C,"{'learning_rate': 2.4793103843144073e-05, 'gamma': 0.9083938661025136, 'exploration_final_eps': None, 'n_steps': 186, 'ent_coef': None}",85.6,14.8,265.5498235
07/04/2024 11:52,A2C,"{'learning_rate': 0.006066357595443175, 'gamma': 0.896751255743747, 'exploration_final_eps': None, 'n_steps': 177, 'ent_coef': None}",134.6,16.87127737,269.2864659
07/04/2024 12:01,A2C,"{'learning_rate': 0.0001252915249450052, 'gamma': 0.8524579479448289, 'exploration_final_eps': None, 'n_steps': 201, 'ent_coef': None}",-767.6,118.8050504,261.9287269
07/04/2024 12:07,A2C,"{'learning_rate': 1.8067560472842882e-05, 'gamma': 0.9853721383418114, 'exploration_final_eps': None, 'n_steps': 19, 'ent_coef': None}",148.4,0.489897949,370.6803992
07/04/2024 12:12,A2C,"{'learning_rate': 0.00019576059430575604, 'gamma': 0.9411630709930245, 'exploration_final_eps': None, 'n_steps': 63, 'ent_coef': None}",77.8,19.03050183,288.8404655
07/04/2024 12:21,A2C,"{'learning_rate': 0.0005643794437612879, 'gamma': 0.991984485949891, 'exploration_final_eps': None, 'n_steps': 244, 'ent_coef': None}",-708.2,146.7370437,261.37444
07/04/2024 12:30,A2C,"{'learning_rate': 1.0240178644834577e-05, 'gamma': 0.9594003776038276, 'exploration_final_eps': None, 'n_steps': 251, 'ent_coef': None}",-768.4,119.2050335,260.199717
07/04/2024 12:35,A2C,"{'learning_rate': 0.009216843570037034, 'gamma': 0.9739431817249974, 'exploration_final_eps': None, 'n_steps': 72, 'ent_coef': None}",142.2,12.60793401,294.415745
07/04/2024 12:40,A2C,"{'learning_rate': 7.040605866520405e-05, 'gamma': 0.9257752732810056, 'exploration_final_eps': None, 'n_steps': 148, 'ent_coef': None}",148.4,0.489897949,268.9115381
07/04/2024 12:50,A2C,"{'learning_rate': 6.903124791231005e-05, 'gamma': 0.9312587571027966, 'exploration_final_eps': None, 'n_steps': 149, 'ent_coef': None}",-829.6,1.854723699,269.1085513
07/04/2024 12:55,A2C,"{'learning_rate': 1.0870655705749525e-05, 'gamma': 0.9216508182622176, 'exploration_final_eps': None, 'n_steps': 50, 'ent_coef': None}",93,0,298.0540245
07/04/2024 13:05,A2C,"{'learning_rate': 7.368090389624046e-05, 'gamma': 0.886200680164617, 'exploration_final_eps': None, 'n_steps': 115, 'ent_coef': None}",-829.6,1.854723699,271.9175098
07/04/2024 13:15,A2C,"{'learning_rate': 0.0003534394630358628, 'gamma': 0.9527426746166849, 'exploration_final_eps': None, 'n_steps': 85, 'ent_coef': None}",-829.4,0.8,284.6232669
07/04/2024 13:24,A2C,"{'learning_rate': 4.999174150624294e-05, 'gamma': 0.9179126245252712, 'exploration_final_eps': None, 'n_steps': 147, 'ent_coef': None}",-829.6,1.854723699,268.9404931
07/04/2024 13:29,A2C,"{'learning_rate': 0.00015263235654750743, 'gamma': 0.8076302902358878, 'exploration_final_eps': None, 'n_steps': 43, 'ent_coef': None}",70.4,18.87432118,306.5471065
07/04/2024 13:34,A2C,"{'learning_rate': 2.0960328088548275e-05, 'gamma': 0.9790187992429774, 'exploration_final_eps': None, 'n_steps': 217, 'ent_coef': None}",86,15.50483795,261.7969782
07/04/2024 13:44,A2C,"{'learning_rate': 0.0008040585745183381, 'gamma': 0.9739486849394434, 'exploration_final_eps': None, 'n_steps': 170, 'ent_coef': None}",-827.6,1.356465997,264.2111135
07/04/2024 13:48,A2C,"{'learning_rate': 9.549974241602357e-05, 'gamma': 0.9399150254814083, 'exploration_final_eps': None, 'n_steps': 223, 'ent_coef': None}",85.6,14.8,263.6945925
07/04/2024 13:53,A2C,"{'learning_rate': 0.00031414769639086915, 'gamma': 0.9892108293442211, 'exploration_final_eps': None, 'n_steps': 164, 'ent_coef': None}",70.4,18.87432118,266.0541167
07/04/2024 14:02,A2C,"{'learning_rate': 0.0038695428562363263, 'gamma': 0.9644273128748809, 'exploration_final_eps': None, 'n_steps': 121, 'ent_coef': None}",-767.6,120.8132443,268.4412279
07/04/2024 14:06,A2C,"{'learning_rate': 4.067871973169833e-05, 'gamma': 0.942697978552996, 'exploration_final_eps': None, 'n_steps': 196, 'ent_coef': None}",93,0,264.6959074
07/04/2024 14:11,A2C,"{'learning_rate': 1.6181311441403025e-05, 'gamma': 0.999823444595307, 'exploration_final_eps': None, 'n_steps': 98, 'ent_coef': None}",93,0,276.4445746
07/04/2024 14:16,A2C,"{'learning_rate': 0.00023630037898558236, 'gamma': 0.9818082523413854, 'exploration_final_eps': None, 'n_steps': 227, 'ent_coef': None}",78.2,18.5407659,266.476954
07/04/2024 14:20,A2C,"{'learning_rate': 2.812963378531762e-05, 'gamma': 0.8882966863144481, 'exploration_final_eps': None, 'n_steps': 94, 'ent_coef': None}",93.2,0.4,276.7370105
07/04/2024 14:38,A2C,"{'learning_rate': 0.0005604849625108847, 'gamma': 0.8591825826007928, 'exploration_final_eps': None, 'n_steps': 5, 'ent_coef': None}",-828,2.828427125,757.0986521
07/04/2024 14:48,A2C,"{'learning_rate': 0.0027314960558055506, 'gamma': 0.8707248158677477, 'exploration_final_eps': None, 'n_steps': 150, 'ent_coef': None}",-767.6,118.8067338,273.9447236
07/04/2024 14:57,A2C,"{'learning_rate': 0.0023690044174182736, 'gamma': 0.8329620889929058, 'exploration_final_eps': None, 'n_steps': 141, 'ent_coef': None}",-769.4,119.2201325,269.8733025
07/04/2024 15:02,A2C,"{'learning_rate': 0.0037743910712710687, 'gamma': 0.8409827550553962, 'exploration_final_eps': None, 'n_steps': 133, 'ent_coef': None}",78.2,18.95679298,276.7661874
07/04/2024 15:06,A2C,"{'learning_rate': 0.001117687712468974, 'gamma': 0.8027739302887745, 'exploration_final_eps': None, 'n_steps': 165, 'ent_coef': None}",134.4,17.47684182,267.5143178
07/04/2024 15:16,A2C,"{'learning_rate': 0.0014723679019213042, 'gamma': 0.8735856295994555, 'exploration_final_eps': None, 'n_steps': 115, 'ent_coef': None}",-708.2,146.7370437,273.6212306
07/04/2024 15:22,A2C,"{'learning_rate': 0.009466255612823295, 'gamma': 0.8155491901204002, 'exploration_final_eps': None, 'n_steps': 26, 'ent_coef': None}",93.8,0.4,355.0561669
07/04/2024 15:26,A2C,"{'learning_rate': 0.002016994064118566, 'gamma': 0.9057469992553915, 'exploration_final_eps': None, 'n_steps': 187, 'ent_coef': None}",134.2,17.31357849,262.0106711
07/04/2024 15:35,A2C,"{'learning_rate': 0.003733594355754774, 'gamma': 0.9689175310140999, 'exploration_final_eps': None, 'n_steps': 209, 'ent_coef': None}",-1201.6,1.624807681,263.327903
07/04/2024 15:44,A2C,"{'learning_rate': 0.005530441902510674, 'gamma': 0.9499204514546148, 'exploration_final_eps': None, 'n_steps': 182, 'ent_coef': None}",-709,145.746355,264.1326325
07/04/2024 15:49,A2C,"{'learning_rate': 0.0009797967744486905, 'gamma': 0.9227782485299597, 'exploration_final_eps': None, 'n_steps': 104, 'ent_coef': None}",93.4,0.489897949,277.775943
07/04/2024 15:54,A2C,"{'learning_rate': 0.008190413524615369, 'gamma': 0.9850449286809657, 'exploration_final_eps': None, 'n_steps': 73, 'ent_coef': None}",141.6,12.8,290.1405442
07/04/2024 16:04,A2C,"{'learning_rate': 0.0006217109411365151, 'gamma': 0.9724182925262785, 'exploration_final_eps': None, 'n_steps': 36, 'ent_coef': None}",-768.4,119.2050335,315.726119
07/04/2024 16:15,A2C,"{'learning_rate': 0.005847113564231383, 'gamma': 0.9943041346749304, 'exploration_final_eps': None, 'n_steps': 26, 'ent_coef': None}",-767.6,120.8132443,339.9954922
07/04/2024 16:20,A2C,"{'learning_rate': 0.0018948018234940308, 'gamma': 0.9592574663164302, 'exploration_final_eps': None, 'n_steps': 59, 'ent_coef': None}",141.4,14.70510116,296.4854348
07/04/2024 16:29,A2C,"{'learning_rate': 0.006697128931436815, 'gamma': 0.9803928442285158, 'exploration_final_eps': None, 'n_steps': 79, 'ent_coef': None}",-767.6,120.8132443,280.0162895
07/04/2024 16:41,A2C,"{'learning_rate': 1.356605363856769e-05, 'gamma': 0.9298491428217474, 'exploration_final_eps': None, 'n_steps': 16, 'ent_coef': None}",-702.6,145.8418321,396.912905
07/04/2024 16:50,A2C,"{'learning_rate': 5.5099015477572575e-05, 'gamma': 0.8930325176141815, 'exploration_final_eps': None, 'n_steps': 239, 'ent_coef': None}",-829.4,1.854723699,261.8708844
07/04/2024 17:00,A2C,"{'learning_rate': 3.1799329631626084e-05, 'gamma': 0.9117344527411088, 'exploration_final_eps': None, 'n_steps': 159, 'ent_coef': None}",-829.6,1.854723699,267.0142848
07/04/2024 17:09,A2C,"{'learning_rate': 0.00010123395738030426, 'gamma': 0.9464375614629977, 'exploration_final_eps': None, 'n_steps': 129, 'ent_coef': None}",-770.2,120.1072854,272.0970485
07/04/2024 17:19,A2C,"{'learning_rate': 0.0030606635683457194, 'gamma': 0.9686938904311642, 'exploration_final_eps': None, 'n_steps': 65, 'ent_coef': None}",-828.4,3.072458299,289.4255192
07/04/2024 17:29,A2C,"{'learning_rate': 0.00817113882908631, 'gamma': 0.9878453224350521, 'exploration_final_eps': None, 'n_steps': 80, 'ent_coef': None}",-1201.4,1.496662955,272.6612265
07/04/2024 17:34,A2C,"{'learning_rate': 0.00509988550734744, 'gamma': 0.985072586700489, 'exploration_final_eps': None, 'n_steps': 53, 'ent_coef': None}",93.4,0.489897949,307.8864779
07/04/2024 17:39,A2C,"{'learning_rate': 0.007897447332111476, 'gamma': 0.9950023862252779, 'exploration_final_eps': None, 'n_steps': 68, 'ent_coef': None}",142.2,12.60793401,299.4372048
07/04/2024 17:49,A2C,"{'learning_rate': 0.009630152095295842, 'gamma': 0.9918104353897904, 'exploration_final_eps': None, 'n_steps': 40, 'ent_coef': None}",-767.6,120.8132443,308.0477004
07/04/2024 18:01,A2C,"{'learning_rate': 0.004443483678264448, 'gamma': 0.9593823435821903, 'exploration_final_eps': None, 'n_steps': 16, 'ent_coef': None}",-828.2,1.833030278,396.7698715
07/04/2024 18:06,A2C,"{'learning_rate': 1.9447935994490887e-05, 'gamma': 0.9771022938652719, 'exploration_final_eps': None, 'n_steps': 110, 'ent_coef': None}",78.2,18.5407659,273.1983254
07/04/2024 18:11,A2C,"{'learning_rate': 0.007097658235703961, 'gamma': 0.9987952807305363, 'exploration_final_eps': None, 'n_steps': 139, 'ent_coef': None}",85.8,15.40649214,277.4525118
07/04/2024 18:20,A2C,"{'learning_rate': 0.00013279052570440894, 'gamma': 0.9351072243878208, 'exploration_final_eps': None, 'n_steps': 126, 'ent_coef': None}",-828.8,1.720465053,272.7342658
07/04/2024 18:30,A2C,"{'learning_rate': 0.00020058501501657116, 'gamma': 0.9537423574493181, 'exploration_final_eps': None, 'n_steps': 192, 'ent_coef': None}",-769.2,119.6117051,265.1274264
07/04/2024 18:39,A2C,"{'learning_rate': 0.00031733696270030287, 'gamma': 0.9668204257065316, 'exploration_final_eps': None, 'n_steps': 88, 'ent_coef': None}",-768.8,119.4041875,282.1418114
07/04/2024 18:49,A2C,"{'learning_rate': 0.0076988856568790546, 'gamma': 0.9860901173792649, 'exploration_final_eps': None, 'n_steps': 71, 'ent_coef': None}",-828.2,1.833030278,283.2184393
07/04/2024 18:59,A2C,"{'learning_rate': 0.0031459749908307444, 'gamma': 0.9751968479987345, 'exploration_final_eps': None, 'n_steps': 75, 'ent_coef': None}",-768.6,119.3056579,286.2868016
07/04/2024 19:04,A2C,"{'learning_rate': 0.0049424092331956685, 'gamma': 0.9962208779451794, 'exploration_final_eps': None, 'n_steps': 47, 'ent_coef': None}",141.6,14.8,309.117528
07/04/2024 19:14,A2C,"{'learning_rate': 0.009274316801097846, 'gamma': 0.9824567504477331, 'exploration_final_eps': None, 'n_steps': 154, 'ent_coef': None}",-1202.4,1.624807681,265.9961388
07/04/2024 19:23,A2C,"{'learning_rate': 0.0004433685863739716, 'gamma': 0.8480570703617671, 'exploration_final_eps': None, 'n_steps': 172, 'ent_coef': None}",-708.2,146.7370437,268.576499
07/04/2024 19:32,A2C,"{'learning_rate': 0.006482806487610771, 'gamma': 0.9900369074934051, 'exploration_final_eps': None, 'n_steps': 93, 'ent_coef': None}",-770.2,120.1072854,279.8004086
07/04/2024 19:42,A2C,"{'learning_rate': 0.002373622791249633, 'gamma': 0.8754786306365475, 'exploration_final_eps': None, 'n_steps': 105, 'ent_coef': None}",-829.8,2.712931993,278.0881777
07/04/2024 19:52,A2C,"{'learning_rate': 7.994076746464157e-05, 'gamma': 0.864699471162136, 'exploration_final_eps': None, 'n_steps': 57, 'ent_coef': None}",-768.2,119.1056674,291.0449719
07/04/2024 20:02,A2C,"{'learning_rate': 0.004418644567721412, 'gamma': 0.8218105314889017, 'exploration_final_eps': None, 'n_steps': 65, 'ent_coef': None}",-827.6,2.154065923,292.2649937
07/04/2024 20:07,A2C,"{'learning_rate': 0.0017321859444420968, 'gamma': 0.9777021955140347, 'exploration_final_eps': None, 'n_steps': 141, 'ent_coef': None}",148.6,0.489897949,271.9080856
07/04/2024 20:12,A2C,"{'learning_rate': 0.0036914203000627823, 'gamma': 0.9638031710639293, 'exploration_final_eps': None, 'n_steps': 141, 'ent_coef': None}",134.8,16.606023,276.5885079
07/04/2024 20:21,A2C,"{'learning_rate': 0.0015942168651488483, 'gamma': 0.9753533440728908, 'exploration_final_eps': None, 'n_steps': 118, 'ent_coef': None}",-768.2,119.1056674,270.9448457
07/04/2024 20:26,A2C,"{'learning_rate': 0.0011309255131137308, 'gamma': 0.9939573701413882, 'exploration_final_eps': None, 'n_steps': 205, 'ent_coef': None}",86.2,15.10496607,266.3938911
07/04/2024 20:30,A2C,"{'learning_rate': 0.0007330321515593102, 'gamma': 0.9864216272885201, 'exploration_final_eps': None, 'n_steps': 134, 'ent_coef': None}",78.4,18.70401027,273.5740795
07/04/2024 20:41,A2C,"{'learning_rate': 0.0019228649924074464, 'gamma': 0.8823772532894522, 'exploration_final_eps': None, 'n_steps': 34, 'ent_coef': None}",-827.6,1.624807681,319.0359983
07/04/2024 20:45,A2C,"{'learning_rate': 3.9754450678637454e-05, 'gamma': 0.980165501267643, 'exploration_final_eps': None, 'n_steps': 124, 'ent_coef': None}",93,0,270.39691
07/04/2024 20:55,A2C,"{'learning_rate': 0.002503088019748617, 'gamma': 0.900738466923664, 'exploration_final_eps': None, 'n_steps': 147, 'ent_coef': None}",-709.2,147.5620547,272.7586417
07/04/2024 21:04,A2C,"{'learning_rate': 0.005832038233944643, 'gamma': 0.9721722191402634, 'exploration_final_eps': None, 'n_steps': 174, 'ent_coef': None}",-770.8,120.4016611,265.7407942
07/04/2024 21:13,A2C,"{'learning_rate': 5.9110799764950766e-05, 'gamma': 0.9637662372889146, 'exploration_final_eps': None, 'n_steps': 163, 'ent_coef': None}",-770.2,120.1072854,265.8934519
07/04/2024 21:23,A2C,"{'learning_rate': 0.0032186983428397057, 'gamma': 0.9997911192094966, 'exploration_final_eps': None, 'n_steps': 101, 'ent_coef': None}",-767.8,120.9105454,275.0222929
07/04/2024 21:32,A2C,"{'learning_rate': 0.004997293723570737, 'gamma': 0.9953267824266364, 'exploration_final_eps': None, 'n_steps': 48, 'ent_coef': None}",-708.2,146.7370437,301.4509864
07/04/2024 21:39,A2C,"{'learning_rate': 0.007773731860269057, 'gamma': 0.9835086798482576, 'exploration_final_eps': None, 'n_steps': 17, 'ent_coef': None}",93.8,0.4,410.2954333
07/04/2024 21:49,A2C,"{'learning_rate': 0.004385841485664623, 'gamma': 0.9929139638702035, 'exploration_final_eps': None, 'n_steps': 48, 'ent_coef': None}",-769,119.0042016,299.2353492
07/04/2024 22:00,A2C,"{'learning_rate': 1.2600025654632327e-05, 'gamma': 0.9779386979354324, 'exploration_final_eps': None, 'n_steps': 31, 'ent_coef': None}",-827.6,1.356465997,325.0803015
07/04/2024 22:09,A2C,"{'learning_rate': 0.0014002114618437834, 'gamma': 0.9885885157571881, 'exploration_final_eps': None, 'n_steps': 83, 'ent_coef': None}",-769,119.5039748,280.0038056
07/04/2024 22:14,A2C,"{'learning_rate': 0.008543602887251991, 'gamma': 0.9958238932964395, 'exploration_final_eps': None, 'n_steps': 69, 'ent_coef': None}",78.4,18.70401027,286.8335972
07/04/2024 22:19,A2C,"{'learning_rate': 0.006564081682991248, 'gamma': 0.9565793979120765, 'exploration_final_eps': None, 'n_steps': 43, 'ent_coef': None}",141.8,14.4,304.5774639
07/04/2024 22:25,A2C,"{'learning_rate': 0.006507238695728826, 'gamma': 0.9544215054948506, 'exploration_final_eps': None, 'n_steps': 41, 'ent_coef': None}",135.4,15.43502511,310.4746644
07/04/2024 22:33,A2C,"{'learning_rate': 2.5354946950335963e-05, 'gamma': 0.9711937125699881, 'exploration_final_eps': None, 'n_steps': 9, 'ent_coef': None}",93,0,526.3508949
07/04/2024 22:43,A2C,"{'learning_rate': 0.0016865253657292903, 'gamma': 0.9446436809909429, 'exploration_final_eps': None, 'n_steps': 155, 'ent_coef': None}",-769,119.5039748,269.8964784
07/04/2024 22:53,A2C,"{'learning_rate': 0.002767245779780649, 'gamma': 0.981530302249672, 'exploration_final_eps': None, 'n_steps': 60, 'ent_coef': None}",-767,118.0016949,297.8182297
07/04/2024 22:58,A2C,"{'learning_rate': 0.009995515439425026, 'gamma': 0.9138341395615958, 'exploration_final_eps': None, 'n_steps': 53, 'ent_coef': None}",148.8,0.4,308.3956978
07/04/2024 23:08,A2C,"{'learning_rate': 0.0071473114057420475, 'gamma': 0.9164374537564276, 'exploration_final_eps': None, 'n_steps': 251, 'ent_coef': None}",-827.6,1.356465997,261.9692733
07/04/2024 23:18,A2C,"{'learning_rate': 0.009460768832421633, 'gamma': 0.9321560988531996, 'exploration_final_eps': None, 'n_steps': 26, 'ent_coef': None}",-767.6,120.8132443,337.9770195
07/04/2024 23:28,A2C,"{'learning_rate': 0.00994125001255126, 'gamma': 0.9160587841219509, 'exploration_final_eps': None, 'n_steps': 73, 'ent_coef': None}",-767.8,120.9105454,281.5440147
07/04/2024 23:33,A2C,"{'learning_rate': 0.005572920160977699, 'gamma': 0.9230973236889131, 'exploration_final_eps': None, 'n_steps': 56, 'ent_coef': None}",142.2,12.60793401,303.0445132
07/04/2024 23:38,A2C,"{'learning_rate': 0.005863026509941075, 'gamma': 0.9221103934735179, 'exploration_final_eps': None, 'n_steps': 54, 'ent_coef': None}",127.6,17.16508083,299.7181544
07/04/2024 23:48,A2C,"{'learning_rate': 0.003857754277598456, 'gamma': 0.907854513639581, 'exploration_final_eps': None, 'n_steps': 235, 'ent_coef': None}",-827.6,2.154065923,264.7801714
07/04/2024 23:58,A2C,"{'learning_rate': 3.3116483904541545e-05, 'gamma': 0.9368509375171522, 'exploration_final_eps': None, 'n_steps': 40, 'ent_coef': None}",-1201.2,1.166190379,306.9240067
07/04/2024 10:52,PPO,"{'learning_rate': 1.0049016265515837e-05, 'gamma': 0.8650954852708294, 'exploration_final_eps': None, 'n_steps': 497, 'ent_coef': 0.04336278885244821}",-559.2,311.6038511,818.6699896
07/04/2024 11:07,PPO,"{'learning_rate': 1.0049016265515837e-05, 'gamma': 0.8650954852708294, 'exploration_final_eps': None, 'n_steps': 497, 'ent_coef': 0.04336278885244821}",201,21.50348809,452.3643453
07/04/2024 11:22,PPO,"{'learning_rate': 0.0035156205208873334, 'gamma': 0.9882625874548618, 'exploration_final_eps': None, 'n_steps': 1216, 'ent_coef': 0.00016153703808784785}",-827.4,1.854723699,647.3037341
07/04/2024 11:35,PPO,"{'learning_rate': 0.00778288375868113, 'gamma': 0.9224280859211098, 'exploration_final_eps': None, 'n_steps': 1342, 'ent_coef': 0.0003240310985367488}",-827.8,2.13541565,514.8690362
07/04/2024 11:49,PPO,"{'learning_rate': 0.001442979313738525, 'gamma': 0.8121826596036822, 'exploration_final_eps': None, 'n_steps': 1014, 'ent_coef': 7.622494038576815e-05}",-709.4,147.3140862,630.9282146
07/04/2024 12:04,PPO,"{'learning_rate': 6.634294324383675e-05, 'gamma': 0.990403320893855, 'exploration_final_eps': None, 'n_steps': 275, 'ent_coef': 0.054195583918688346}",-1201.4,1.356465997,671.4958818
07/04/2024 12:16,PPO,"{'learning_rate': 2.8783667126605625e-05, 'gamma': 0.9018691609879815, 'exploration_final_eps': None, 'n_steps': 326, 'ent_coef': 7.2902498087796146e-06}",-1202.2,1.469693846,451.874418
07/04/2024 12:42,PPO,"{'learning_rate': 0.00023581872465864952, 'gamma': 0.9940465356160472, 'exploration_final_eps': None, 'n_steps': 1093, 'ent_coef': 0.00028519221394086484}",-1200.4,1.2,1348.87522
07/04/2024 12:54,PPO,"{'learning_rate': 0.0084147611428005, 'gamma': 0.9361278558735057, 'exploration_final_eps': None, 'n_steps': 2005, 'ent_coef': 9.787827966166506e-05}",-649,147.3960651,512.707495
07/04/2024 13:02,PPO,"{'learning_rate': 0.003270600249862922, 'gamma': 0.9937315533453095, 'exploration_final_eps': None, 'n_steps': 1715, 'ent_coef': 0.05808063808268307}",93.4,0.489897949,482.5791569
07/04/2024 13:16,PPO,"{'learning_rate': 0.005640293255199181, 'gamma': 0.910733174863253, 'exploration_final_eps': None, 'n_steps': 663, 'ent_coef': 0.000424842682281103}",-829.2,1.833030278,571.1858146
07/04/2024 13:26,PPO,"{'learning_rate': 1.4937998387067092e-05, 'gamma': 0.8387866710757343, 'exploration_final_eps': None, 'n_steps': 97, 'ent_coef': 2.99501167532416e-08}",134.8,17.03408348,566.9873581
07/04/2024 13:39,PPO,"{'learning_rate': 1.0595070073262298e-05, 'gamma': 0.8374981155722112, 'exploration_final_eps': None, 'n_steps': 111, 'ent_coef': 1.4976114147873392e-08}",-1200.2,1.166190379,526.2738233
07/04/2024 13:50,PPO,"{'learning_rate': 1.277831206827112e-05, 'gamma': 0.8564278713520095, 'exploration_final_eps': None, 'n_steps': 68, 'ent_coef': 1.0938448813099913e-08}",141.8,14.4,678.298604
07/04/2024 14:02,PPO,"{'learning_rate': 8.23127172988198e-05, 'gamma': 0.8632929879379481, 'exploration_final_eps': None, 'n_steps': 190, 'ent_coef': 8.102124282910141e-07}",-827.8,2.13541565,435.9815495
07/04/2024 14:17,PPO,"{'learning_rate': 3.973706827362947e-05, 'gamma': 0.8574194975580506, 'exploration_final_eps': None, 'n_steps': 65, 'ent_coef': 0.004878833546985345}",-1201.4,1.356465997,697.0158794
07/04/2024 14:30,PPO,"{'learning_rate': 0.00023510302009104175, 'gamma': 0.8748144709394142, 'exploration_final_eps': None, 'n_steps': 574, 'ent_coef': 7.454190352393184e-07}",-859.8,1.469693846,480.5913186
07/04/2024 14:40,PPO,"{'learning_rate': 0.000668916444377823, 'gamma': 0.800124199873541, 'exploration_final_eps': None, 'n_steps': 504, 'ent_coef': 0.0036114562480600377}",-768.2,119.1241369,396.1582954
07/04/2024 14:52,PPO,"{'learning_rate': 2.0644088250413085e-05, 'gamma': 0.8834106665895788, 'exploration_final_eps': None, 'n_steps': 195, 'ent_coef': 1.5992673009828854e-07}",-826.4,1.019803903,426.931989
07/04/2024 15:05,PPO,"{'learning_rate': 0.00011421345906676507, 'gamma': 0.8346642735780908, 'exploration_final_eps': None, 'n_steps': 197, 'ent_coef': 6.884417635437528e-06}",-827.4,1.854723699,564.873143
07/04/2024 15:16,PPO,"{'learning_rate': 1.044969571247886e-05, 'gamma': 0.9471368744903649, 'exploration_final_eps': None, 'n_steps': 437, 'ent_coef': 0.007643822823789533}",-768,119.0142849,410.0404134
07/04/2024 15:25,PPO,"{'learning_rate': 2.72646589333397e-05, 'gamma': 0.8862364696640583, 'exploration_final_eps': None, 'n_steps': 819, 'ent_coef': 5.5888946789223125e-06}",-189,122.5006122,426.1726937
07/04/2024 15:40,PPO,"{'learning_rate': 1.3966220905084438e-05, 'gamma': 0.8415802075678359, 'exploration_final_eps': None, 'n_steps': 65, 'ent_coef': 1.3412649202884565e-08}",-768.2,119.1123839,685.221091
07/04/2024 15:53,PPO,"{'learning_rate': 4.708137799725831e-05, 'gamma': 0.8218497957978451, 'exploration_final_eps': None, 'n_steps': 98, 'ent_coef': 9.644242261796611e-08}",-768.8,119.4092124,559.5961049
07/04/2024 16:07,PPO,"{'learning_rate': 1.839935025142171e-05, 'gamma': 0.8480267215069686, 'exploration_final_eps': None, 'n_steps': 106, 'ent_coef': 6.0820898257693e-08}",-827,2.097617696,538.6828661
07/04/2024 16:15,PPO,"{'learning_rate': 0.00013187458224309524, 'gamma': 0.8643946891651336, 'exploration_final_eps': None, 'n_steps': 145, 'ent_coef': 3.854951228879289e-07}",93.2,0.4,473.202328
07/04/2024 16:29,PPO,"{'learning_rate': 2.177078849165057e-05, 'gamma': 0.8257147808905493, 'exploration_final_eps': None, 'n_steps': 85, 'ent_coef': 5.2435308437135604e-08}",-827.8,2.13541565,600.446995
07/04/2024 16:37,PPO,"{'learning_rate': 4.846256647450125e-05, 'gamma': 0.8781786092816769, 'exploration_final_eps': None, 'n_steps': 278, 'ent_coef': 2.4499307447175707e-08}",93.8,0.4,476.8928499
07/04/2024 16:49,PPO,"{'learning_rate': 0.0006644212980121735, 'gamma': 0.8535459668424762, 'exploration_final_eps': None, 'n_steps': 149, 'ent_coef': 2.077069957594852e-05}",-767.8,118.9073589,469.8220718
07/04/2024 17:04,PPO,"{'learning_rate': 1.458031791766302e-05, 'gamma': 0.8967053435995981, 'exploration_final_eps': None, 'n_steps': 79, 'ent_coef': 1.2896849720397216e-06}",-827,2.097617696,623.9076576
07/04/2024 17:11,PPO,"{'learning_rate': 3.2940797305364e-05, 'gamma': 0.868083900813178, 'exploration_final_eps': None, 'n_steps': 372, 'ent_coef': 0.0008385470517995476}",93.6,0.489897949,429.6560154
07/04/2024 17:36,PPO,"{'learning_rate': 1.4678073973349843e-05, 'gamma': 0.9666918498350283, 'exploration_final_eps': None, 'n_steps': 135, 'ent_coef': 2.2259228286869606e-07}",-846.8,3.18747549,1251.969566
07/04/2024 17:48,PPO,"{'learning_rate': 5.13101210121642e-05, 'gamma': 0.8837686770446102, 'exploration_final_eps': None, 'n_steps': 264, 'ent_coef': 2.35019134781932e-08}",-768,119.0142849,490.2301669
07/04/2024 18:01,PPO,"{'learning_rate': 1.0613738342176928e-05, 'gamma': 0.8463050817052966, 'exploration_final_eps': None, 'n_steps': 716, 'ent_coef': 3.453784255396799e-08}",-828.6,1.624807681,515.0677817
07/04/2024 18:21,PPO,"{'learning_rate': 2.1370293113628533e-05, 'gamma': 0.8755293751963398, 'exploration_final_eps': None, 'n_steps': 82, 'ent_coef': 1.0377605600500016e-08}",-827,1.788854382,934.3395514
07/04/2024 18:36,PPO,"{'learning_rate': 6.657395861551753e-05, 'gamma': 0.8197633164598468, 'exploration_final_eps': None, 'n_steps': 235, 'ent_coef': 9.636255024027319e-08}",-836.8,2.925747768,634.3122671
07/04/2024 18:43,PPO,"{'learning_rate': 2.740295219386077e-05, 'gamma': 0.9088071541437195, 'exploration_final_eps': None, 'n_steps': 353, 'ent_coef': 0.022183756876363675}",86,15.00666519,445.0247431
07/04/2024 18:55,PPO,"{'learning_rate': 0.00010179820398883243, 'gamma': 0.8945726517364628, 'exploration_final_eps': None, 'n_steps': 935, 'ent_coef': 2.1426187196095957e-05}",-708.4,146.484948,472.2529435
07/04/2024 19:56,PPO,"{'learning_rate': 3.877406226176325e-05, 'gamma': 0.807076559369132, 'exploration_final_eps': None, 'n_steps': 453, 'ent_coef': 2.3488716825918707e-06}",-649,147.3960651,3470.132789
07/04/2024 20:09,PPO,"{'learning_rate': 1.5971574590646916e-05, 'gamma': 0.9268845700839844, 'exploration_final_eps': None, 'n_steps': 118, 'ent_coef': 0.001415562731505057}",78.4,18.70401027,741.3120065
07/04/2024 20:20,PPO,"{'learning_rate': 6.328606258915939e-05, 'gamma': 0.8569232744607271, 'exploration_final_eps': None, 'n_steps': 1357, 'ent_coef': 2.7315815195828115e-07}",-460.8,44.28272801,509.3289683
07/04/2024 20:28,PPO,"{'learning_rate': 0.0001790401826605339, 'gamma': 0.8342670108444212, 'exploration_final_eps': None, 'n_steps': 170, 'ent_coef': 6.614742578748897e-05}",93.6,0.489897949,452.5657568
07/04/2024 20:39,PPO,"{'learning_rate': 2.9195452127078968e-05, 'gamma': 0.8710528035856875, 'exploration_final_eps': None, 'n_steps': 306, 'ent_coef': 0.0007709720736264827}",-768,119.0142849,462.3034968
07/04/2024 20:46,PPO,"{'learning_rate': 3.4087367708258774e-05, 'gamma': 0.8707710855775087, 'exploration_final_eps': None, 'n_steps': 400, 'ent_coef': 0.03307406527269579}",93.8,0.4,413.8584397
07/04/2024 20:54,PPO,"{'learning_rate': 1.007642056479047e-05, 'gamma': 0.8895442684228962, 'exploration_final_eps': None, 'n_steps': 399, 'ent_coef': 0.07915001934392513}",141.8,14.4,430.4396636
07/04/2024 21:05,PPO,"{'learning_rate': 1.0150049974207269e-05, 'gamma': 0.9087638298817513, 'exploration_final_eps': None, 'n_steps': 549, 'ent_coef': 0.09617120995060269}",-826.4,1.019803903,436.8463597
07/04/2024 21:12,PPO,"{'learning_rate': 1.3647799754348273e-05, 'gamma': 0.9208630341631395, 'exploration_final_eps': None, 'n_steps': 665, 'ent_coef': 0.014727625321547214}",86.2,15.10496607,416.7887428
07/04/2024 21:20,PPO,"{'learning_rate': 0.00039184447540900077, 'gamma': 0.8905779224755385, 'exploration_final_eps': None, 'n_steps': 288, 'ent_coef': 2.7447044517756855e-08}",70.6,18.70401027,475.7519991
07/04/2024 21:29,PPO,"{'learning_rate': 2.198585755693767e-05, 'gamma': 0.881638020364879, 'exploration_final_eps': None, 'n_steps': 232, 'ent_coef': 0.085961320764533}",86.2,15.10496607,516.6592221
07/04/2024 21:41,PPO,"{'learning_rate': 0.001855048145804887, 'gamma': 0.8575083808888191, 'exploration_final_eps': None, 'n_steps': 482, 'ent_coef': 0.009418408323777012}",-768.6,120.3288827,456.5066364
07/04/2024 22:03,PPO,"{'learning_rate': 1.2765041449155772e-05, 'gamma': 0.9002891697602529, 'exploration_final_eps': None, 'n_steps': 68, 'ent_coef': 0.04404473621717271}",-827,2.097617696,1061.424716
2024-04-14 12:52:04,DQN,"{'learning_rate': 0.0006351602394360595, 'gamma': 0.8809811991229217, 'exploration_final_eps': 0.018701371910076404, 'n_steps': None, 'ent_coef': None}",124.2,40.33063351845592,228.56335520744324
2024-04-14 12:55:45,DQN,"{'learning_rate': 0.00517182502851983, 'gamma': 0.980454937887969, 'exploration_final_eps': 0.03436729228261159, 'n_steps': None, 'ent_coef': None}",85.6,15.304901175767192,214.81884741783142
2024-04-14 13:01:45,DQN,"{'learning_rate': 0.0001508579038458203, 'gamma': 0.9031494706967476, 'exploration_final_eps': 0.047491196209205715, 'n_steps': None, 'ent_coef': None}",81.6,149.92077908015287,308.42463064193726
2024-04-14 13:07:03,DQN,"{'learning_rate': 0.0008364426954830232, 'gamma': 0.9124535526525086, 'exploration_final_eps': 0.06777649460948827, 'n_steps': None, 'ent_coef': None}",-23.2,17.220917513303405,200.27991366386414
2024-04-14 13:12:23,DQN,"{'learning_rate': 0.00030945796809304156, 'gamma': 0.940558044744215, 'exploration_final_eps': 0.09412318615295831, 'n_steps': None, 'ent_coef': None}",235.0,65.45838372584524,306.6396527290344
